1;circle 1.7 -5.05 6.9;0
2;circle 1.7 -5.05 6.10;0
3;circle 1.7 -5.05 6.11;0
4;circle 1.7 -5.05 6.12;0
5;circle 1.7 -5.05 6.13;0
6;circle 1.7 -5.05 6.14;0
7;circle 1.7 -5.05 6.15;0
8;circle 1.7 -5.05 6.16;0
9;circle 1.7 -5.05 6.17;0
10;circle 1.7 -5.05 6.18;0
11;circle 1.7 -5.05 6.19;0
12;circle 1.7 -5.05 6.20;0
13;circle 1.7 -5.05 6.21;0
14;circle 1.7 -5.05 6.22;0
15;circle 1.7 -5.05 6.23;0
16;circle 1.7 -5.05 6.24;0
17;circle 1.7 -5.05 6.25;0
18;circle 1.7 -5.05 6.26;0
19;circle 1.7 -5.05 6.27;0
20;circle 1.7 -5.05 6.28;0
21;circle 1.7 -5.05 6.29;0
22;circle 1.7 -5.05 6.30;0
23;circle 1.7 -5.05 6.31;0
24;circle 1.7 -5.05 6.32;0
25;circle 1.7 -5.05 6.33;0
26;circle 1.7 -5.05 6.34;0
27;circle 1.7 -5.05 6.35;0
28;circle 1.7 -5.05 6.36;0
29;circle 1.7 -5.05 6.37;0
30;square 3.55 4.1 2.77;0
31;square 3.55 4.1 2.78;0
32;square 3.55 4.1 2.79;0
33;square 3.55 4.1 2.80;0
34;square 3.55 4.1 2.81;0
35;square 3.55 4.1 2.82;0
36;square 3.55 4.1 2.83;0
37;square 3.55 4.1 2.84;0
38;square 3.55 4.1 2.85;0
39;square 3.55 4.1 2.86;0
40;square 3.55 4.1 2.87;0
41;square 3.55 4.1 2.88;0
42;square 3.55 4.1 2.89;0
43;square 3.55 4.1 2.90;0
44;square 3.55 4.1 2.91;0
45;square 3.55 4.1 2.92;0
46;square 3.55 4.1 2.93;0
47;square 3.55 4.1 2.94;0
48;square 3.55 4.1 2.95;0
49;square 3.55 4.1 2.96;0
50;square 3.55 4.1 2.97;0
51;square 3.55 4.1 2.98;0
52;square 3.55 4.1 2.99;0
53;square 3.55 4.1 2.100;0
54;square 3.55 4.1 2.101;0
55;square 3.55 4.1 2.102;0
56;square 3.55 4.1 2.103;0
57;square 3.55 4.1 2.104;0
58;square 3.55 4.1 2.105;0
59;square 3.55 4.1 2.106;0
60;square 3.55 4.1 2.107;0
61;square 3.55 4.1 2.108;0
62;square 3.55 4.1 2.109;0
63;square 3.55 4.1 2.110;0
64;square 3.55 4.1 2.111;0
65;square 3.55 4.1 2.112;0
66;square 3.55 4.1 2.113;0
67;square 3.55 4.1 2.114;0
68;square 3.55 4.1 2.115;0
69;square 3.55 4.1 2.116;0
70;square 3.55 4.1 2.117;0
71;square 3.55 4.1 2.118;0
72;square 3.55 4.1 2.119;0
73;square 3.55 4.1 2.120;0
74;square 3.55 4.1 2.121;0
75;square 3.55 4.1 2.122;0
76;square 3.55 4.1 2.123;0
77;square 3.55 4.1 2.124;0
78;square 3.55 4.1 2.125;0
79;square 3.55 4.1 2.126;0
80;square 3.55 4.1 2.127;0
81;square 3.55 4.1 2.128;0
82;square 3.55 4.1 2.129;0
83;square 3.55 4.1 2.130;0
84;square 3.55 4.1 2.131;0
85;square 3.55 4.1 2.132;0
86;square 3.55 4.1 2.133;0
87;square 3.55 4.1 2.134;0
88;square 3.55 4.1 2.135;0
89;square 3.55 4.1 2.136;0
90;square 3.55 4.1 2.137;0
91;square 3.55 4.1 2.138;0
92;square 3.55 4.1 2.139;0
93;square 3.55 4.1 2.140;0
94;square 3.55 4.1 2.141;0
95;square 3.55 4.1 2.142;0
96;square 3.55 4.1 2.143;0
97;square 3.55 4.1 2.144;0
98;square 3.55 4.1 2.145;0
99;square 3.55 4.1 2.146;0
100;square 3.55 4.1 2.147;0
101;square 3.55 4.1 2.148;0
102;square 3.55 4.1 2.149;0
103;square 3.55 4.1 2.150;0
104;square 3.55 4.1 2.151;0
105;square 3.55 4.1 2.152;0
106;square 3.55 4.1 2.153;0
107;square 3.55 4.1 2.154;0
108;square 3.55 4.1 2.155;0
109;square 3.55 4.1 2.156;0
110;square 3.55 4.1 2.157;0
111;square 3.55 4.1 2.158;0
112;square 3.55 4.1 2.159;0
113;square 3.55 4.1 2.160;0
114;square 3.55 4.1 2.161;0
115;square 3.55 4.1 2.162;0
116;square 3.55 4.1 2.163;0
117;square 3.55 4.1 2.164;0
118;square 3.55 4.1 2.165;0
119;square 3.55 4.1 2.166;0
120;square 3.55 4.1 2.167;0
121;square 3.55 4.1 2.168;0
122;square 3.55 4.1 2.169;0
123;square 3.55 4.1 2.170;0
124;square 3.55 4.1 2.171;0
125;square 3.55 4.1 2.172;0
126;square 3.55 4.1 2.173;0
127;square 3.55 4.1 2.174;0
128;square 3.55 4.1 2.175;0
129;square 3.55 4.1 2.176;0
130;square 3.55 4.1 2.177;0
131;square 3.55 4.1 2.178;0
132;square 3.55 4.1 2.179;0
133;square 3.55 4.1 2.180;0
134;square 3.55 4.1 2.181;0
135;square 3.55 4.1 2.182;0
136;square 3.55 4.1 2.183;0
137;square 3.55 4.1 2.184;0
138;square 3.55 4.1 2.185;0
139;square 3.55 4.1 2.186;0
140;square 3.55 4.1 2.187;0
141;square 3.55 4.1 2.188;0
142;square 3.55 4.1 2.189;0
143;square 3.55 4.1 2.190;0
144;square 3.55 4.1 2.191;0
145;square 3.55 4.1 2.192;0
146;square 3.55 4.1 2.193;0
147;square 3.55 4.1 2.194;0
148;square 3.55 4.1 2.195;0
149;square 3.55 4.1 2.196;0
150;square 3.55 4.1 2.197;0
151;square 3.55 4.1 2.198;0
152;square 3.55 4.1 2.199;0
153;square 3.55 4.1 2.200;0
154;square 3.55 4.1 2.201;0
155;square 3.55 4.1 2.202;0
156;square 3.55 4.1 2.203;0
157;square 3.55 4.1 2.204;0
158;square 3.55 4.1 2.205;0
159;square 3.55 4.1 2.206;0
160;square 3.55 4.1 2.207;0
161;square 3.55 4.1 2.208;0
162;square 3.55 4.1 2.209;0
163;square 3.55 4.1 2.210;0
164;square 3.55 4.1 2.211;0
165;square 3.55 4.1 2.212;0
166;square 3.55 4.1 2.213;0
167;square 3.55 4.1 2.214;0
168;square 3.55 4.1 2.215;0
169;square 3.55 4.1 2.216;0
170;square 3.55 4.1 2.217;0
171;square 3.55 4.1 2.218;0
172;square 3.55 4.1 2.219;0
173;square 3.55 4.1 2.220;0
174;square 3.55 4.1 2.221;0
175;square 3.55 4.1 2.222;0
176;square 3.55 4.1 2.223;0
177;square 3.55 4.1 2.224;0
178;square 3.55 4.1 2.225;0
179;square 3.55 4.1 2.226;0
180;square 3.55 4.1 2.227;0
181;square 3.55 4.1 2.228;0
182;square 3.55 4.1 2.229;0
183;square 3.55 4.1 2.230;0
184;square 3.55 4.1 2.231;0
185;square 3.55 4.1 2.232;0
186;square 3.55 4.1 2.233;0
187;square 3.55 4.1 2.234;0
188;square 3.55 4.1 2.235;0
189;square 3.55 4.1 2.236;0
190;square 3.55 4.1 2.237;0
191;square 3.55 4.1 2.238;0
192;square 3.55 4.1 2.239;0
193;square 3.55 4.1 2.240;0
194;square 3.55 4.1 2.241;0
195;square 3.55 4.1 2.242;0
196;square 3.55 4.1 2.243;0
197;square 3.55 4.1 2.244;0
198;square 3.55 4.1 2.245;0
199;square 3.55 4.1 2.246;0
200;square 3.55 4.1 2.247;0
201;square 3.55 4.1 2.248;0
202;square 3.55 4.1 2.249;0
203;square 3.55 4.1 2.250;0
204;square 3.55 4.1 2.251;0
205;square 3.55 4.1 2.252;0
206;square 3.55 4.1 2.253;0
207;square 3.55 4.1 2.254;0
208;square 3.55 4.1 2.255;0
209;square 3.55 4.1 2.256;0
210;square 3.55 4.1 2.257;0
211;square 3.55 4.1 2.258;0
212;square 3.55 4.1 2.259;0
213;square 3.55 4.1 2.260;0
214;square 3.55 4.1 2.261;0
215;square 3.55 4.1 2.262;0
216;square 3.55 4.1 2.263;0
217;square 3.55 4.1 2.264;0
218;square 3.55 4.1 2.265;0
219;square 3.55 4.1 2.266;0
220;square 3.55 4.1 2.267;0
221;square 3.55 4.1 2.268;0
222;square 3.55 4.1 2.269;0
223;square 3.55 4.1 2.270;0
224;square 3.55 4.1 2.271;0
225;square 3.55 4.1 2.272;0
226;square 3.55 4.1 2.273;0
227;square 3.55 4.1 2.274;0
228;square 3.55 4.1 2.275;0
229;square 3.55 4.1 2.276;0
230;square 3.55 4.1 2.277;0
231;square 3.55 4.1 2.278;0
232;square 3.55 4.1 2.279;0
233;square 3.55 4.1 2.280;0
234;square 3.55 4.1 2.281;0
235;square 3.55 4.1 2.282;0
236;square 3.55 4.1 2.283;0
237;square 3.55 4.1 2.284;0
238;square 3.55 4.1 2.285;0
239;square 3.55 4.1 2.286;0
240;square 3.55 4.1 2.287;0
241;square 3.55 4.1 2.288;0
242;square 3.55 4.1 2.289;0
243;square 3.55 4.1 2.290;0
244;square 3.55 4.1 2.291;0
245;square 3.55 4.1 2.292;0
246;square 3.55 4.1 2.293;0
247;square 3.55 4.1 2.294;0
248;square 3.55 4.1 2.295;0
249;square 3.55 4.1 2.296;0
250;square 3.55 4.1 2.297;0
251;square 3.55 4.1 2.298;0
252;square 3.55 4.1 2.299;0
253;square 3.55 4.1 2.300;0
254;square 3.55 4.1 2.301;0
255;square 3.55 4.1 2.302;0
256;square 3.55 4.1 2.303;0
257;square 3.55 4.1 2.304;0
258;square 3.55 4.1 2.305;0
259;square 3.55 4.1 2.306;0
260;square 3.55 4.1 2.307;0
261;square 3.55 4.1 2.308;0
262;square 3.55 4.1 2.309;0
263;square 3.55 4.1 2.310;0
264;square 3.55 4.1 2.311;0
265;square 3.55 4.1 2.312;0
266;square 3.55 4.1 2.313;0
267;square 3.55 4.1 2.314;0
268;square 3.55 4.1 2.315;0
269;square 3.55 4.1 2.316;0
270;square 3.55 4.1 2.317;0
271;square 3.55 4.1 2.318;0
272;square 3.55 4.1 2.319;0
273;square 3.55 4.1 2.320;0
274;square 3.55 4.1 2.321;0
275;square 3.55 4.1 2.322;0
276;square 3.55 4.1 2.323;0
277;square 3.55 4.1 2.324;0
278;square 3.55 4.1 2.325;0
279;square 3.55 4.1 2.326;0
280;square 3.55 4.1 2.327;0
281;square 3.55 4.1 2.328;0
282;square 3.55 4.1 2.329;0
283;square 3.55 4.1 2.330;0
284;square 3.55 4.1 2.331;0
285;square 3.55 4.1 2.332;0
286;square 3.55 4.1 2.333;0
287;square 3.55 4.1 2.334;0
288;square 3.55 4.1 2.335;0
289;square 3.55 4.1 2.336;0
290;square 3.55 4.1 2.337;0
291;square 3.55 4.1 2.338;0
292;square 3.55 4.1 2.339;0
293;square 3.55 4.1 2.340;0
294;square 3.55 4.1 2.341;0
295;square 3.55 4.1 2.342;0
296;square 3.55 4.1 2.343;0
297;square 3.55 4.1 2.344;0
298;square 3.55 4.1 2.345;0
299;square 3.55 4.1 2.346;0
300;square 3.55 4.1 2.347;0
301;square 3.55 4.1 2.348;0
302;square 3.55 4.1 2.349;0
303;square 3.55 4.1 2.350;0
304;square 3.55 4.1 2.351;0
305;square 3.55 4.1 2.352;0
306;square 3.55 4.1 2.353;0
307;square 3.55 4.1 2.354;0
308;square 3.55 4.1 2.355;0
309;square 3.55 4.1 2.356;0
310;square 3.55 4.1 2.357;0
311;square 3.55 4.1 2.358;0
312;square 3.55 4.1 2.359;0
313;square 3.55 4.1 2.360;0
314;square 3.55 4.1 2.361;0
315;square 3.55 4.1 2.362;0
316;square 3.55 4.1 2.363;0
317;square 3.55 4.1 2.364;0
318;square 3.55 4.1 2.365;0
319;rectangle 3.5 2.0 5.6 7.2;0
320;rectangle 3.5 2.0 5.6 7.3;0
321;rectangle 3.5 2.0 5.6 7.4;0
322;rectangle 3.5 2.0 5.6 7.5;0
323;rectangle 3.5 2.0 5.6 7.6;0
324;rectangle 3.5 2.0 5.6 7.7;0
325;rectangle 3.5 2.0 5.6 7.8;0
326;rectangle 3.5 2.0 5.6 7.9;0
327;rectangle 3.5 2.0 5.6 7.10;0
328;rectangle 3.5 2.0 5.6 7.11;0
329;rectangle 3.5 2.0 5.6 7.12;0
330;rectangle 3.5 2.0 5.6 7.13;0
331;rectangle 3.5 2.0 5.6 7.14;0
332;rectangle 3.5 2.0 5.6 7.15;0
333;rectangle 3.5 2.0 5.6 7.16;0
334;rectangle 3.5 2.0 5.6 7.17;0
335;rectangle 3.5 2.0 5.6 7.18;0
336;rectangle 3.5 2.0 5.6 7.19;0
337;rectangle 3.5 2.0 5.6 7.20;0
338;rectangle 3.5 2.0 5.6 7.21;0
339;rectangle 3.5 2.0 5.6 7.22;0
340;rectangle 3.5 2.0 5.6 7.23;0
341;rectangle 3.5 2.0 5.6 7.24;0
342;rectangle 3.5 2.0 5.6 7.25;0
343;rectangle 3.5 2.0 5.6 7.26;0
344;rectangle 3.5 2.0 5.6 7.27;0
345;rectangle 3.5 2.0 5.6 7.28;0
346;rectangle 3.5 2.0 5.6 7.29;0
347;rectangle 3.5 2.0 5.6 7.30;0
348;rectangle 3.5 2.0 5.6 7.31;0
349;rectangle 3.5 2.0 5.6 7.32;0
350;rectangle 3.5 2.0 5.6 7.33;0
351;rectangle 3.5 2.0 5.6 7.34;0
352;rectangle 3.5 2.0 5.6 7.35;0
353;rectangle 3.5 2.0 5.6 7.36;0
354;rectangle 3.5 2.0 5.6 7.37;0
355;rectangle 3.5 2.0 5.6 7.38;0
356;rectangle 3.5 2.0 5.6 7.39;0
357;rectangle 3.5 2.0 5.6 7.40;0
358;rectangle 3.5 2.0 5.6 7.41;0
359;rectangle 3.5 2.0 5.6 7.42;0
360;rectangle 3.5 2.0 5.6 7.43;0
361;rectangle 3.5 2.0 5.6 7.44;0
362;rectangle 3.5 2.0 5.6 7.45;0
363;rectangle 3.5 2.0 5.6 7.46;0
364;rectangle 3.5 2.0 5.6 7.47;0
365;rectangle 3.5 2.0 5.6 7.48;0
366;rectangle 3.5 2.0 5.6 7.49;0
367;rectangle 3.5 2.0 5.6 7.50;0
368;rectangle 3.5 2.0 5.6 7.51;0
369;rectangle 3.5 2.0 5.6 7.52;0
370;rectangle 3.5 2.0 5.6 7.53;0
371;rectangle 3.5 2.0 5.6 7.54;0
372;rectangle 3.5 2.0 5.6 7.55;0
373;rectangle 3.5 2.0 5.6 7.56;0
374;rectangle 3.5 2.0 5.6 7.57;0
375;rectangle 3.5 2.0 5.6 7.58;0
376;rectangle 3.5 2.0 5.6 7.59;0
377;rectangle 3.5 2.0 5.6 7.60;0
378;rectangle 3.5 2.0 5.6 7.61;0
379;rectangle 3.5 2.0 5.6 7.62;0
380;rectangle 3.5 2.0 5.6 7.63;0
381;rectangle 3.5 2.0 5.6 7.64;0
382;rectangle 3.5 2.0 5.6 7.65;0
383;rectangle 3.5 2.0 5.6 7.66;0
384;rectangle 3.5 2.0 5.6 7.67;0
385;rectangle 3.5 2.0 5.6 7.68;0
386;rectangle 3.5 2.0 5.6 7.69;0
387;rectangle 3.5 2.0 5.6 7.70;0
388;rectangle 3.5 2.0 5.6 7.71;0
389;rectangle 3.5 2.0 5.6 7.72;0
390;rectangle 3.5 2.0 5.6 7.73;0
391;rectangle 3.5 2.0 5.6 7.74;0
392;rectangle 3.5 2.0 5.6 7.75;0
393;rectangle 3.5 2.0 5.6 7.76;0
394;rectangle 3.5 2.0 5.6 7.77;0
395;rectangle 3.5 2.0 5.6 7.78;0
396;rectangle 3.5 2.0 5.6 7.79;0
397;rectangle 3.5 2.0 5.6 7.80;0
398;rectangle 3.5 2.0 5.6 7.81;0
399;rectangle 3.5 2.0 5.6 7.82;0
400;rectangle 3.5 2.0 5.6 7.83;0
401;rectangle 3.5 2.0 5.6 7.84;0
402;rectangle 3.5 2.0 5.6 7.85;0
403;rectangle 3.5 2.0 5.6 7.86;0
404;rectangle 3.5 2.0 5.6 7.87;0
405;rectangle 3.5 2.0 5.6 7.88;0
406;rectangle 3.5 2.0 5.6 7.89;0
407;rectangle 3.5 2.0 5.6 7.90;0
408;rectangle 3.5 2.0 5.6 7.91;0
409;rectangle 3.5 2.0 5.6 7.92;0
410;rectangle 3.5 2.0 5.6 7.93;0
411;rectangle 3.5 2.0 5.6 7.94;0
412;rectangle 3.5 2.0 5.6 7.95;0
413;rectangle 3.5 2.0 5.6 7.96;0
414;rectangle 3.5 2.0 5.6 7.97;0
415;rectangle 3.5 2.0 5.6 7.98;0
416;rectangle 3.5 2.0 5.6 7.99;0
417;rectangle 3.5 2.0 5.6 7.100;0
418;rectangle 3.5 2.0 5.6 7.101;0
419;rectangle 3.5 2.0 5.6 7.102;0
420;rectangle 3.5 2.0 5.6 7.103;0
421;rectangle 3.5 2.0 5.6 7.104;0
422;rectangle 3.5 2.0 5.6 7.105;0
423;rectangle 3.5 2.0 5.6 7.106;0
424;rectangle 3.5 2.0 5.6 7.107;0
425;rectangle 3.5 2.0 5.6 7.108;0
426;rectangle 3.5 2.0 5.6 7.109;0
427;rectangle 3.5 2.0 5.6 7.110;0
428;rectangle 3.5 2.0 5.6 7.111;0
429;rectangle 3.5 2.0 5.6 7.112;0
430;rectangle 3.5 2.0 5.6 7.113;0
431;rectangle 3.5 2.0 5.6 7.114;0
432;rectangle 3.5 2.0 5.6 7.115;0
433;rectangle 3.5 2.0 5.6 7.116;0
434;rectangle 3.5 2.0 5.6 7.117;0
435;rectangle 3.5 2.0 5.6 7.118;0
436;rectangle 3.5 2.0 5.6 7.119;0
437;rectangle 3.5 2.0 5.6 7.120;0
438;rectangle 3.5 2.0 5.6 7.121;0
439;rectangle 3.5 2.0 5.6 7.122;0
440;rectangle 3.5 2.0 5.6 7.123;0
441;rectangle 3.5 2.0 5.6 7.124;0
442;rectangle 3.5 2.0 5.6 7.125;0
443;rectangle 3.5 2.0 5.6 7.126;0
444;rectangle 3.5 2.0 5.6 7.127;0
445;rectangle 3.5 2.0 5.6 7.128;0
446;rectangle 3.5 2.0 5.6 7.129;0
447;rectangle 3.5 2.0 5.6 7.130;0
448;rectangle 3.5 2.0 5.6 7.131;0
449;rectangle 3.5 2.0 5.6 7.132;0
450;rectangle 3.5 2.0 5.6 7.133;0
451;rectangle 3.5 2.0 5.6 7.134;0
452;rectangle 3.5 2.0 5.6 7.135;0
453;rectangle 3.5 2.0 5.6 7.136;0
454;rectangle 3.5 2.0 5.6 7.137;0
455;rectangle 3.5 2.0 5.6 7.138;0
456;rectangle 3.5 2.0 5.6 7.139;0
457;rectangle 3.5 2.0 5.6 7.140;0
458;rectangle 3.5 2.0 5.6 7.141;0
459;rectangle 3.5 2.0 5.6 7.142;0
460;rectangle 3.5 2.0 5.6 7.143;0
461;rectangle 3.5 2.0 5.6 7.144;0
462;rectangle 3.5 2.0 5.6 7.145;0
463;rectangle 3.5 2.0 5.6 7.146;0
464;rectangle 3.5 2.0 5.6 7.147;0
465;rectangle 3.5 2.0 5.6 7.148;0
466;rectangle 3.5 2.0 5.6 7.149;0
467;rectangle 3.5 2.0 5.6 7.150;0
468;rectangle 3.5 2.0 5.6 7.151;0
469;rectangle 3.5 2.0 5.6 7.152;0
470;rectangle 3.5 2.0 5.6 7.153;0
471;rectangle 3.5 2.0 5.6 7.154;0
472;rectangle 3.5 2.0 5.6 7.155;0
473;rectangle 3.5 2.0 5.6 7.156;0
474;rectangle 3.5 2.0 5.6 7.157;0
475;rectangle 3.5 2.0 5.6 7.158;0
476;rectangle 3.5 2.0 5.6 7.159;0
477;rectangle 3.5 2.0 5.6 7.160;0
478;rectangle 3.5 2.0 5.6 7.161;0
479;rectangle 3.5 2.0 5.6 7.162;0
480;rectangle 3.5 2.0 5.6 7.163;0
481;rectangle 3.5 2.0 5.6 7.164;0
482;rectangle 3.5 2.0 5.6 7.165;0
483;rectangle 3.5 2.0 5.6 7.166;0
484;rectangle 3.5 2.0 5.6 7.167;0
485;rectangle 3.5 2.0 5.6 7.168;0
486;rectangle 3.5 2.0 5.6 7.169;0
487;rectangle 3.5 2.0 5.6 7.170;0
488;rectangle 3.5 2.0 5.6 7.171;0
489;rectangle 3.5 2.0 5.6 7.172;0
490;rectangle 3.5 2.0 5.6 7.173;0
491;rectangle 3.5 2.0 5.6 7.174;0
492;rectangle 3.5 2.0 5.6 7.175;0
493;rectangle 3.5 2.0 5.6 7.176;0
494;rectangle 3.5 2.0 5.6 7.177;0
495;rectangle 3.5 2.0 5.6 7.178;0
496;rectangle 3.5 2.0 5.6 7.179;0
497;rectangle 3.5 2.0 5.6 7.180;0
498;rectangle 3.5 2.0 5.6 7.181;0
499;rectangle 3.5 2.0 5.6 7.182;0
500;rectangle 3.5 2.0 5.6 7.183;0
501;rectangle 3.5 2.0 5.6 7.184;0
502;rectangle 3.5 2.0 5.6 7.185;0
503;rectangle 3.5 2.0 5.6 7.186;0
504;rectangle 3.5 2.0 5.6 7.187;0
505;rectangle 3.5 2.0 5.6 7.188;0
506;rectangle 3.5 2.0 5.6 7.189;0
507;rectangle 3.5 2.0 5.6 7.190;0
508;rectangle 3.5 2.0 5.6 7.191;0
509;rectangle 3.5 2.0 5.6 7.192;0
510;rectangle 3.5 2.0 5.6 7.193;0
511;rectangle 3.5 2.0 5.6 7.194;0
512;rectangle 3.5 2.0 5.6 7.195;0
513;rectangle 3.5 2.0 5.6 7.196;0
514;rectangle 3.5 2.0 5.6 7.197;0
515;rectangle 3.5 2.0 5.6 7.198;0
516;rectangle 3.5 2.0 5.6 7.199;0
517;rectangle 3.5 2.0 5.6 7.200;0
518;rectangle 3.5 2.0 5.6 7.201;0
519;rectangle 3.5 2.0 5.6 7.202;0
520;rectangle 3.5 2.0 5.6 7.203;0
521;rectangle 3.5 2.0 5.6 7.204;0
522;rectangle 3.5 2.0 5.6 7.205;0
523;rectangle 3.5 2.0 5.6 7.206;0
524;rectangle 3.5 2.0 5.6 7.207;0
525;rectangle 3.5 2.0 5.6 7.208;0
526;rectangle 3.5 2.0 5.6 7.209;0
527;rectangle 3.5 2.0 5.6 7.210;0
528;rectangle 3.5 2.0 5.6 7.211;0
529;rectangle 3.5 2.0 5.6 7.212;0
530;rectangle 3.5 2.0 5.6 7.213;0
531;rectangle 3.5 2.0 5.6 7.214;0
532;rectangle 3.5 2.0 5.6 7.215;0
533;rectangle 3.5 2.0 5.6 7.216;0
534;rectangle 3.5 2.0 5.6 7.217;0
535;rectangle 3.5 2.0 5.6 7.218;0
536;rectangle 3.5 2.0 5.6 7.219;0
537;rectangle 3.5 2.0 5.6 7.220;0
538;rectangle 3.5 2.0 5.6 7.221;0
539;rectangle 3.5 2.0 5.6 7.222;0
540;rectangle 3.5 2.0 5.6 7.223;0
541;rectangle 3.5 2.0 5.6 7.224;0
542;rectangle 3.5 2.0 5.6 7.225;0
543;rectangle 3.5 2.0 5.6 7.226;0
544;rectangle 3.5 2.0 5.6 7.227;0
545;rectangle 3.5 2.0 5.6 7.228;0
546;rectangle 3.5 2.0 5.6 7.229;0
547;rectangle 3.5 2.0 5.6 7.230;0
548;rectangle 3.5 2.0 5.6 7.231;0
549;rectangle 3.5 2.0 5.6 7.232;0
550;rectangle 3.5 2.0 5.6 7.233;0
551;rectangle 3.5 2.0 5.6 7.234;0
552;rectangle 3.5 2.0 5.6 7.235;0
553;rectangle 3.5 2.0 5.6 7.236;0
554;rectangle 3.5 2.0 5.6 7.237;0
555;triangle 4.5 1 -2.5 -33 23 0.3;0
556;triangle 4.5 1 -2.5 -33 23 0.4;0
557;triangle 4.5 1 -2.5 -33 23 0.5;0
558;triangle 4.5 1 -2.5 -33 23 0.6;0
559;triangle 4.5 1 -2.5 -33 23 0.7;0
560;triangle 4.5 1 -2.5 -33 23 0.8;0
561;triangle 4.5 1 -2.5 -33 23 0.9;0
562;triangle 4.5 1 -2.5 -33 23 0.10;0
563;triangle 4.5 1 -2.5 -33 23 0.11;0
564;triangle 4.5 1 -2.5 -33 23 0.12;0
565;triangle 4.5 1 -2.5 -33 23 0.13;0
566;triangle 4.5 1 -2.5 -33 23 0.14;0
567;triangle 4.5 1 -2.5 -33 23 0.15;0
568;triangle 4.5 1 -2.5 -33 23 0.16;0
569;triangle 4.5 1 -2.5 -33 23 0.17;0
570;triangle 4.5 1 -2.5 -33 23 0.18;0
571;triangle 4.5 1 -2.5 -33 23 0.19;0
572;triangle 4.5 1 -2.5 -33 23 0.20;0
573;triangle 4.5 1 -2.5 -33 23 0.21;0
574;triangle 4.5 1 -2.5 -33 23 0.22;0
575;triangle 4.5 1 -2.5 -33 23 0.23;0
576;triangle 4.5 1 -2.5 -33 23 0.24;0
577;triangle 4.5 1 -2.5 -33 23 0.25;0
578;triangle 4.5 1 -2.5 -33 23 0.26;0
579;triangle 4.5 1 -2.5 -33 23 0.27;0
580;triangle 4.5 1 -2.5 -33 23 0.28;0
581;triangle 4.5 1 -2.5 -33 23 0.29;0
582;triangle 4.5 1 -2.5 -33 23 0.30;0
583;triangle 4.5 1 -2.5 -33 23 0.31;0
584;triangle 4.5 1 -2.5 -33 23 0.32;0
585;triangle 4.5 1 -2.5 -33 23 0.33;0
586;triangle 4.5 1 -2.5 -33 23 0.34;0
587;triangle 4.5 1 -2.5 -33 23 0.35;0
588;triangle 4.5 1 -2.5 -33 23 0.36;0
589;triangle 4.5 1 -2.5 -33 23 0.37;0
590;triangle 4.5 1 -2.5 -33 23 0.38;0
591;triangle 4.5 1 -2.5 -33 23 0.39;0
592;triangle 4.5 1 -2.5 -33 23 0.40;0
593;triangle 4.5 1 -2.5 -33 23 0.41;0
594;triangle 4.5 1 -2.5 -33 23 0.42;0
595;triangle 4.5 1 -2.5 -33 23 0.43;0
596;triangle 4.5 1 -2.5 -33 23 0.44;0
597;triangle 4.5 1 -2.5 -33 23 0.45;0
598;triangle 4.5 1 -2.5 -33 23 0.46;0
599;triangle 4.5 1 -2.5 -33 23 0.47;0
600;triangle 4.5 1 -2.5 -33 23 0.48;0
601;triangle 4.5 1 -2.5 -33 23 0.49;0
602;triangle 4.5 1 -2.5 -33 23 0.50;0
603;triangle 4.5 1 -2.5 -33 23 0.51;0
604;triangle 4.5 1 -2.5 -33 23 0.52;0
605;triangle 4.5 1 -2.5 -33 23 0.53;0
606;triangle 4.5 1 -2.5 -33 23 0.54;0
607;triangle 4.5 1 -2.5 -33 23 0.55;0
608;triangle 4.5 1 -2.5 -33 23 0.56;0
609;triangle 4.5 1 -2.5 -33 23 0.57;0
610;triangle 4.5 1 -2.5 -33 23 0.58;0
611;triangle 4.5 1 -2.5 -33 23 0.59;0
612;triangle 4.5 1 -2.5 -33 23 0.60;0
613;triangle 4.5 1 -2.5 -33 23 0.61;0
614;triangle 4.5 1 -2.5 -33 23 0.62;0
615;triangle 4.5 1 -2.5 -33 23 0.63;0
616;triangle 4.5 1 -2.5 -33 23 0.64;0
617;triangle 4.5 1 -2.5 -33 23 0.65;0
618;triangle 4.5 1 -2.5 -33 23 0.66;0
619;triangle 4.5 1 -2.5 -33 23 0.67;0
620;triangle 4.5 1 -2.5 -33 23 0.68;0
621;triangle 4.5 1 -2.5 -33 23 0.69;0
622;triangle 4.5 1 -2.5 -33 23 0.70;0
623;triangle 4.5 1 -2.5 -33 23 0.71;0
624;triangle 4.5 1 -2.5 -33 23 0.72;0
625;triangle 4.5 1 -2.5 -33 23 0.73;0
626;triangle 4.5 1 -2.5 -33 23 0.74;0
627;triangle 4.5 1 -2.5 -33 23 0.75;0
628;triangle 4.5 1 -2.5 -33 23 0.76;0
629;triangle 4.5 1 -2.5 -33 23 0.77;0
630;triangle 4.5 1 -2.5 -33 23 0.78;0
631;triangle 4.5 1 -2.5 -33 23 0.79;0
632;triangle 4.5 1 -2.5 -33 23 0.80;0
633;triangle 4.5 1 -2.5 -33 23 0.81;0
634;triangle 4.5 1 -2.5 -33 23 0.82;0
635;triangle 4.5 1 -2.5 -33 23 0.83;0
636;triangle 4.5 1 -2.5 -33 23 0.84;0
637;triangle 4.5 1 -2.5 -33 23 0.85;0
638;triangle 4.5 1 -2.5 -33 23 0.86;0
639;triangle 4.5 1 -2.5 -33 23 0.87;0
640;triangle 4.5 1 -2.5 -33 23 0.88;0
641;triangle 4.5 1 -2.5 -33 23 0.89;0
642;triangle 4.5 1 -2.5 -33 23 0.90;0
643;triangle 4.5 1 -2.5 -33 23 0.91;0
644;triangle 4.5 1 -2.5 -33 23 0.92;0
645;triangle 4.5 1 -2.5 -33 23 0.93;0
646;triangle 4.5 1 -2.5 -33 23 0.94;0
647;triangle 4.5 1 -2.5 -33 23 0.95;0
648;triangle 4.5 1 -2.5 -33 23 0.96;0
649;triangle 4.5 1 -2.5 -33 23 0.97;0
650;triangle 4.5 1 -2.5 -33 23 0.98;0
651;triangle 4.5 1 -2.5 -33 23 0.99;0
652;triangle 4.5 1 -2.5 -33 23 0.100;0
653;triangle 4.5 1 -2.5 -33 23 0.101;0
654;triangle 4.5 1 -2.5 -33 23 0.102;0
655;triangle 4.5 1 -2.5 -33 23 0.103;0
656;triangle 4.5 1 -2.5 -33 23 0.104;0
657;triangle 4.5 1 -2.5 -33 23 0.105;0
658;triangle 4.5 1 -2.5 -33 23 0.106;0
659;triangle 4.5 1 -2.5 -33 23 0.107;0
660;triangle 4.5 1 -2.5 -33 23 0.108;0
661;triangle 4.5 1 -2.5 -33 23 0.109;0
662;triangle 4.5 1 -2.5 -33 23 0.110;0
663;triangle 4.5 1 -2.5 -33 23 0.111;0
664;triangle 4.5 1 -2.5 -33 23 0.112;0
665;triangle 4.5 1 -2.5 -33 23 0.113;0
666;triangle 4.5 1 -2.5 -33 23 0.114;0
667;triangle 4.5 1 -2.5 -33 23 0.115;0
668;triangle 4.5 1 -2.5 -33 23 0.116;0
669;triangle 4.5 1 -2.5 -33 23 0.117;0
670;triangle 4.5 1 -2.5 -33 23 0.118;0
671;triangle 4.5 1 -2.5 -33 23 0.119;0
672;triangle 4.5 1 -2.5 -33 23 0.120;0
673;triangle 4.5 1 -2.5 -33 23 0.121;0
674;triangle 4.5 1 -2.5 -33 23 0.122;0
675;triangle 4.5 1 -2.5 -33 23 0.123;0
676;triangle 4.5 1 -2.5 -33 23 0.124;0
677;triangle 4.5 1 -2.5 -33 23 0.125;0
678;triangle 4.5 1 -2.5 -33 23 0.126;0
679;triangle 4.5 1 -2.5 -33 23 0.127;0
680;triangle 4.5 1 -2.5 -33 23 0.128;0
681;triangle 4.5 1 -2.5 -33 23 0.129;0
682;triangle 4.5 1 -2.5 -33 23 0.130;0
683;triangle 4.5 1 -2.5 -33 23 0.131;0
684;triangle 4.5 1 -2.5 -33 23 0.132;0
685;triangle 4.5 1 -2.5 -33 23 0.133;0
686;triangle 4.5 1 -2.5 -33 23 0.134;0
687;triangle 4.5 1 -2.5 -33 23 0.135;0
688;triangle 4.5 1 -2.5 -33 23 0.136;0
689;triangle 4.5 1 -2.5 -33 23 0.137;0
690;triangle 4.5 1 -2.5 -33 23 0.138;0
691;triangle 4.5 1 -2.5 -33 23 0.139;0
692;triangle 4.5 1 -2.5 -33 23 0.140;0
693;triangle 4.5 1 -2.5 -33 23 0.141;0
694;triangle 4.5 1 -2.5 -33 23 0.142;0
695;triangle 4.5 1 -2.5 -33 23 0.143;0
696;triangle 4.5 1 -2.5 -33 23 0.144;0
697;triangle 4.5 1 -2.5 -33 23 0.145;0
698;triangle 4.5 1 -2.5 -33 23 0.146;0
699;triangle 4.5 1 -2.5 -33 23 0.147;0
700;triangle 4.5 1 -2.5 -33 23 0.148;0
701;triangle 4.5 1 -2.5 -33 23 0.149;0
702;triangle 4.5 1 -2.5 -33 23 0.150;0
703;triangle 4.5 1 -2.5 -33 23 0.151;0
704;triangle 4.5 1 -2.5 -33 23 0.152;0
705;triangle 4.5 1 -2.5 -33 23 0.153;0
706;triangle 4.5 1 -2.5 -33 23 0.154;0
707;triangle 4.5 1 -2.5 -33 23 0.155;0
708;triangle 4.5 1 -2.5 -33 23 0.156;0
709;triangle 4.5 1 -2.5 -33 23 0.157;0
710;triangle 4.5 1 -2.5 -33 23 0.158;0
711;triangle 4.5 1 -2.5 -33 23 0.159;0
712;triangle 4.5 1 -2.5 -33 23 0.160;0
713;triangle 4.5 1 -2.5 -33 23 0.161;0
714;triangle 4.5 1 -2.5 -33 23 0.162;0
715;triangle 4.5 1 -2.5 -33 23 0.163;0
716;triangle 4.5 1 -2.5 -33 23 0.164;0
717;triangle 4.5 1 -2.5 -33 23 0.165;0
718;triangle 4.5 1 -2.5 -33 23 0.166;0
719;triangle 4.5 1 -2.5 -33 23 0.167;0
720;triangle 4.5 1 -2.5 -33 23 0.168;0
721;triangle 4.5 1 -2.5 -33 23 0.169;0
722;triangle 4.5 1 -2.5 -33 23 0.170;0
723;triangle 4.5 1 -2.5 -33 23 0.171;0
724;triangle 4.5 1 -2.5 -33 23 0.172;0
725;triangle 4.5 1 -2.5 -33 23 0.173;0
726;triangle 4.5 1 -2.5 -33 23 0.174;0
727;triangle 4.5 1 -2.5 -33 23 0.175;0
728;triangle 4.5 1 -2.5 -33 23 0.176;0
729;triangle 4.5 1 -2.5 -33 23 0.177;0
730;triangle 4.5 1 -2.5 -33 23 0.178;0
731;triangle 4.5 1 -2.5 -33 23 0.179;0
732;triangle 4.5 1 -2.5 -33 23 0.180;0
733;triangle 4.5 1 -2.5 -33 23 0.181;0
734;triangle 4.5 1 -2.5 -33 23 0.182;0
735;triangle 4.5 1 -2.5 -33 23 0.183;0
736;triangle 4.5 1 -2.5 -33 23 0.184;0
737;triangle 4.5 1 -2.5 -33 23 0.185;0
738;triangle 4.5 1 -2.5 -33 23 0.186;0
739;triangle 4.5 1 -2.5 -33 23 0.187;0
740;triangle 4.5 1 -2.5 -33 23 0.188;0
741;triangle 4.5 1 -2.5 -33 23 0.189;0
742;triangle 4.5 1 -2.5 -33 23 0.190;0
743;triangle 4.5 1 -2.5 -33 23 0.191;0
744;triangle 4.5 1 -2.5 -33 23 0.192;0
745;triangle 4.5 1 -2.5 -33 23 0.193;0
746;triangle 4.5 1 -2.5 -33 23 0.194;0
747;triangle 4.5 1 -2.5 -33 23 0.195;0
748;triangle 4.5 1 -2.5 -33 23 0.196;0
749;triangle 4.5 1 -2.5 -33 23 0.197;0
750;triangle 4.5 1 -2.5 -33 23 0.198;0
751;triangle 4.5 1 -2.5 -33 23 0.199;0
752;triangle 4.5 1 -2.5 -33 23 0.200;0
753;triangle 4.5 1 -2.5 -33 23 0.201;0
754;triangle 4.5 1 -2.5 -33 23 0.202;0
755;triangle 4.5 1 -2.5 -33 23 0.203;0
756;triangle 4.5 1 -2.5 -33 23 0.204;0
757;triangle 4.5 1 -2.5 -33 23 0.205;0
758;triangle 4.5 1 -2.5 -33 23 0.206;0
759;triangle 4.5 1 -2.5 -33 23 0.207;0
760;triangle 4.5 1 -2.5 -33 23 0.208;0
761;triangle 4.5 1 -2.5 -33 23 0.209;0
762;triangle 4.5 1 -2.5 -33 23 0.210;0
763;triangle 4.5 1 -2.5 -33 23 0.211;0
764;triangle 4.5 1 -2.5 -33 23 0.212;0
765;triangle 4.5 1 -2.5 -33 23 0.213;0
766;triangle 4.5 1 -2.5 -33 23 0.214;0
767;triangle 4.5 1 -2.5 -33 23 0.215;0
768;triangle 4.5 1 -2.5 -33 23 0.216;0
769;triangle 4.5 1 -2.5 -33 23 0.217;0
770;triangle 4.5 1 -2.5 -33 23 0.218;0
771;triangle 4.5 1 -2.5 -33 23 0.219;0
772;triangle 4.5 1 -2.5 -33 23 0.220;0
773;triangle 4.5 1 -2.5 -33 23 0.221;0
774;triangle 4.5 1 -2.5 -33 23 0.222;0
775;triangle 4.5 1 -2.5 -33 23 0.223;0
776;triangle 4.5 1 -2.5 -33 23 0.224;0
777;triangle 4.5 1 -2.5 -33 23 0.225;0
778;triangle 4.5 1 -2.5 -33 23 0.226;0
779;donut 4.5 7.8 1.5 1.8;0
780;donut 4.5 7.8 1.5 1.9;0
781;donut 4.5 7.8 1.5 1.10;0
782;donut 4.5 7.8 1.5 1.11;0
783;donut 4.5 7.8 1.5 1.12;0
784;donut 4.5 7.8 1.5 1.13;0
785;donut 4.5 7.8 1.5 1.14;0
786;donut 4.5 7.8 1.5 1.15;0
787;donut 4.5 7.8 1.5 1.16;0
788;donut 4.5 7.8 1.5 1.17;0
789;donut 4.5 7.8 1.5 1.18;0
790;donut 4.5 7.8 1.5 1.19;0
791;donut 4.5 7.8 1.5 1.20;0
792;donut 4.5 7.8 1.5 1.21;0
793;donut 4.5 7.8 1.5 1.22;0
794;donut 4.5 7.8 1.5 1.23;0
795;donut 4.5 7.8 1.5 1.24;0
796;donut 4.5 7.8 1.5 1.25;0
797;donut 4.5 7.8 1.5 1.26;0
798;donut 4.5 7.8 1.5 1.27;0
799;donut 4.5 7.8 1.5 1.28;0
800;donut 4.5 7.8 1.5 1.29;0
801;donut 4.5 7.8 1.5 1.30;0
802;donut 4.5 7.8 1.5 1.31;0
803;donut 4.5 7.8 1.5 1.32;0
804;donut 4.5 7.8 1.5 1.33;0
805;donut 4.5 7.8 1.5 1.34;0
806;donut 4.5 7.8 1.5 1.35;0
807;donut 4.5 7.8 1.5 1.36;0
808;donut 4.5 7.8 1.5 1.37;0
809;donut 4.5 7.8 1.5 1.38;0
810;donut 4.5 7.8 1.5 1.39;0
811;donut 4.5 7.8 1.5 1.40;0
812;donut 4.5 7.8 1.5 1.41;0
813;donut 4.5 7.8 1.5 1.42;0
814;donut 4.5 7.8 1.5 1.43;0
815;donut 4.5 7.8 1.5 1.44;0
816;donut 4.5 7.8 1.5 1.45;0
817;donut 4.5 7.8 1.5 1.46;0
818;donut 4.5 7.8 1.5 1.47;0
819;donut 4.5 7.8 1.5 1.48;0
820;donut 4.5 7.8 1.5 1.49;0
821;donut 4.5 7.8 1.5 1.50;0
822;donut 4.5 7.8 1.5 1.51;0
823;donut 4.5 7.8 1.5 1.52;0
824;donut 4.5 7.8 1.5 1.53;0
825;donut 4.5 7.8 1.5 1.54;0
826;donut 4.5 7.8 1.5 1.55;0
827;donut 4.5 7.8 1.5 1.56;0
828;donut 4.5 7.8 1.5 1.57;0
829;donut 4.5 7.8 1.5 1.58;0
830;donut 4.5 7.8 1.5 1.59;0
831;donut 4.5 7.8 1.5 1.60;0
832;donut 4.5 7.8 1.5 1.61;0
833;donut 4.5 7.8 1.5 1.62;0
834;donut 4.5 7.8 1.5 1.63;0
835;donut 4.5 7.8 1.5 1.64;0
836;donut 4.5 7.8 1.5 1.65;0
837;donut 4.5 7.8 1.5 1.66;0
838;donut 4.5 7.8 1.5 1.67;0
839;donut 4.5 7.8 1.5 1.68;0
840;donut 4.5 7.8 1.5 1.69;0
841;donut 4.5 7.8 1.5 1.70;0
842;donut 4.5 7.8 1.5 1.71;0
843;donut 4.5 7.8 1.5 1.72;0
844;donut 4.5 7.8 1.5 1.73;0
845;donut 4.5 7.8 1.5 1.74;0
846;donut 4.5 7.8 1.5 1.75;0
847;donut 4.5 7.8 1.5 1.76;0
848;donut 4.5 7.8 1.5 1.77;0
849;donut 4.5 7.8 1.5 1.78;0
850;donut 4.5 7.8 1.5 1.79;0
851;donut 4.5 7.8 1.5 1.80;0
852;donut 4.5 7.8 1.5 1.81;0
853;donut 4.5 7.8 1.5 1.82;0
854;donut 4.5 7.8 1.5 1.83;0
855;donut 4.5 7.8 1.5 1.84;0
856;donut 4.5 7.8 1.5 1.85;0
857;donut 4.5 7.8 1.5 1.86;0
858;donut 4.5 7.8 1.5 1.87;0
859;donut 4.5 7.8 1.5 1.88;0
860;donut 4.5 7.8 1.5 1.89;0
861;donut 4.5 7.8 1.5 1.90;0
862;donut 4.5 7.8 1.5 1.91;0
863;donut 4.5 7.8 1.5 1.92;0
864;donut 4.5 7.8 1.5 1.93;0
865;donut 4.5 7.8 1.5 1.94;0
866;donut 4.5 7.8 1.5 1.95;0
867;donut 4.5 7.8 1.5 1.96;0
868;donut 4.5 7.8 1.5 1.97;0
869;donut 4.5 7.8 1.5 1.98;0
870;donut 4.5 7.8 1.5 1.99;0
871;donut 4.5 7.8 1.5 1.100;0
872;donut 4.5 7.8 1.5 1.101;0
873;donut 4.5 7.8 1.5 1.102;0
874;donut 4.5 7.8 1.5 1.103;0
875;donut 4.5 7.8 1.5 1.104;0
876;donut 4.5 7.8 1.5 1.105;0
877;donut 4.5 7.8 1.5 1.106;0
878;donut 4.5 7.8 1.5 1.107;0
879;donut 4.5 7.8 1.5 1.108;0
880;donut 4.5 7.8 1.5 1.109;0
881;donut 4.5 7.8 1.5 1.110;0
882;donut 4.5 7.8 1.5 1.111;0
883;donut 4.5 7.8 1.5 1.112;0
884;donut 4.5 7.8 1.5 1.113;0
885;donut 4.5 7.8 1.5 1.114;0
886;donut 4.5 7.8 1.5 1.115;0
887;donut 4.5 7.8 1.5 1.116;0
888;donut 4.5 7.8 1.5 1.117;0
889;donut 4.5 7.8 1.5 1.118;0
890;donut 4.5 7.8 1.5 1.119;0
891;donut 4.5 7.8 1.5 1.120;0
892;donut 4.5 7.8 1.5 1.121;0
893;donut 4.5 7.8 1.5 1.122;0
894;donut 4.5 7.8 1.5 1.123;0
895;donut 4.5 7.8 1.5 1.124;0
896;donut 4.5 7.8 1.5 1.125;0
897;donut 4.5 7.8 1.5 1.126;0
898;donut 4.5 7.8 1.5 1.127;0
899;donut 4.5 7.8 1.5 1.128;0
900;donut 4.5 7.8 1.5 1.129;0
901;donut 4.5 7.8 1.5 1.130;0
902;donut 4.5 7.8 1.5 1.131;0
903;donut 4.5 7.8 1.5 1.132;0
904;donut 4.5 7.8 1.5 1.133;0
905;donut 4.5 7.8 1.5 1.134;0
906;donut 4.5 7.8 1.5 1.135;0
907;donut 4.5 7.8 1.5 1.136;0
908;donut 4.5 7.8 1.5 1.137;0
909;donut 4.5 7.8 1.5 1.138;0
910;donut 4.5 7.8 1.5 1.139;0
911;donut 4.5 7.8 1.5 1.140;0
912;donut 4.5 7.8 1.5 1.141;0
913;donut 4.5 7.8 1.5 1.142;0
914;donut 4.5 7.8 1.5 1.143;0
915;donut 4.5 7.8 1.5 1.144;0
916;donut 4.5 7.8 1.5 1.145;0
917;donut 4.5 7.8 1.5 1.146;0
918;donut 4.5 7.8 1.5 1.147;0
919;donut 4.5 7.8 1.5 1.148;0
920;donut 4.5 7.8 1.5 1.149;0
921;donut 4.5 7.8 1.5 1.150;0
922;donut 4.5 7.8 1.5 1.151;0
923;donut 4.5 7.8 1.5 1.152;0
924;donut 4.5 7.8 1.5 1.153;0
925;donut 4.5 7.8 1.5 1.154;0
926;donut 4.5 7.8 1.5 1.155;0
927;donut 4.5 7.8 1.5 1.156;0
928;donut 4.5 7.8 1.5 1.157;0
929;donut 4.5 7.8 1.5 1.158;0
930;donut 4.5 7.8 1.5 1.159;0
931;donut 4.5 7.8 1.5 1.160;0
932;donut 4.5 7.8 1.5 1.161;0
933;donut 4.5 7.8 1.5 1.162;0
934;donut 4.5 7.8 1.5 1.163;0
935;donut 4.5 7.8 1.5 1.164;0
936;donut 4.5 7.8 1.5 1.165;0
937;donut 4.5 7.8 1.5 1.166;0
938;donut 4.5 7.8 1.5 1.167;0
939;donut 4.5 7.8 1.5 1.168;0
940;donut 4.5 7.8 1.5 1.169;0
941;donut 4.5 7.8 1.5 1.170;0
942;donut 4.5 7.8 1.5 1.171;0
943;donut 4.5 7.8 1.5 1.172;0
944;donut 4.5 7.8 1.5 1.173;0
945;donut 4.5 7.8 1.5 1.174;0
946;donut 4.5 7.8 1.5 1.175;0
947;donut 4.5 7.8 1.5 1.176;0
948;donut 4.5 7.8 1.5 1.177;0
949;donut 4.5 7.8 1.5 1.178;0
950;donut 4.5 7.8 1.5 1.179;0
951;donut 4.5 7.8 1.5 1.180;0
952;donut 4.5 7.8 1.5 1.181;0
953;donut 4.5 7.8 1.5 1.182;0
954;donut 4.5 7.8 1.5 1.183;0
955;donut 4.5 7.8 1.5 1.184;0
956;donut 4.5 7.8 1.5 1.185;0
957;donut 4.5 7.8 1.5 1.186;0
958;donut 4.5 7.8 1.5 1.187;0
959;donut 4.5 7.8 1.5 1.188;0
960;donut 4.5 7.8 1.5 1.189;0
961;donut 4.5 7.8 1.5 1.190;0
962;donut 4.5 7.8 1.5 1.191;0
963;donut 4.5 7.8 1.5 1.192;0
964;donut 4.5 7.8 1.5 1.193;0
965;donut 4.5 7.8 1.5 1.194;0
966;donut 4.5 7.8 1.5 1.195;0
967;donut 4.5 7.8 1.5 1.196;0
968;donut 4.5 7.8 1.5 1.197;0
969;donut 4.5 7.8 1.5 1.198;0
970;donut 4.5 7.8 1.5 1.199;0
971;donut 4.5 7.8 1.5 1.200;0
972;donut 4.5 7.8 1.5 1.201;0
973;donut 4.5 7.8 1.5 1.202;0
974;donut 4.5 7.8 1.5 1.203;0
975;donut 4.5 7.8 1.5 1.204;0
976;donut 4.5 7.8 1.5 1.205;0
977;donut 4.5 7.8 1.5 1.206;0
978;donut 4.5 7.8 1.5 1.207;0
979;donut 4.5 7.8 1.5 1.208;0
980;donut 4.5 7.8 1.5 1.209;0
981;donut 4.5 7.8 1.5 1.210;0
982;donut 4.5 7.8 1.5 1.211;0
983;donut 4.5 7.8 1.5 1.212;0
984;donut 4.5 7.8 1.5 1.213;0
985;donut 4.5 7.8 1.5 1.214;0
986;donut 4.5 7.8 1.5 1.215;0
987;donut 4.5 7.8 1.5 1.216;0
988;donut 4.5 7.8 1.5 1.217;0
989;donut 4.5 7.8 1.5 1.218;0
990;donut 4.5 7.8 1.5 1.219;0
991;donut 4.5 7.8 1.5 1.220;0
992;donut 4.5 7.8 1.5 1.221;0
993;donut 4.5 7.8 1.5 1.222;0
994;donut 4.5 7.8 1.5 1.223;0
995;donut 4.5 7.8 1.5 1.224;0
996;donut 4.5 7.8 1.5 1.225;0
997;donut 4.5 7.8 1.5 1.226;0
998;donut 4.5 7.8 1.5 1.227;0
999;donut 4.5 7.8 1.5 1.228;0
1000;donut 4.5 7.8 1.5 1.229;0
1001;donut 4.5 7.8 1.5 1.230;0
1002;donut 4.5 7.8 1.5 1.231;0
1003;donut 4.5 7.8 1.5 1.232;0
1004;donut 4.5 7.8 1.5 1.233;0
1005;donut 4.5 7.8 1.5 1.234;0
1006;donut 4.5 7.8 1.5 1.235;0
1007;donut 4.5 7.8 1.5 1.236;0
1008;donut 4.5 7.8 1.5 1.237;0
1009;donut 4.5 7.8 1.5 1.238;0
1010;donut 4.5 7.8 1.5 1.239;0
1011;donut 4.5 7.8 1.5 1.240;0
1012;donut 4.5 7.8 1.5 1.241;0
1013;donut 4.5 7.8 1.5 1.242;0
1014;donut 4.5 7.8 1.5 1.243;0
1015;donut 4.5 7.8 1.5 1.244;0
1016;donut 4.5 7.8 1.5 1.245;0
1017;donut 4.5 7.8 1.5 1.246;0
1018;donut 4.5 7.8 1.5 1.247;0
1019;donut 4.5 7.8 1.5 1.248;0
1020;donut 4.5 7.8 1.5 1.249;0
1021;donut 4.5 7.8 1.5 1.250;0
1022;donut 4.5 7.8 1.5 1.251;0
1023;donut 4.5 7.8 1.5 1.252;0
1024;donut 4.5 7.8 1.5 1.253;0
1025;donut 4.5 7.8 1.5 1.254;0
1026;donut 4.5 7.8 1.5 1.255;0
1027;donut 4.5 7.8 1.5 1.256;0
1028;donut 4.5 7.8 1.5 1.257;0
1029;donut 4.5 7.8 1.5 1.258;0
1030;donut 4.5 7.8 1.5 1.259;0
1031;donut 4.5 7.8 1.5 1.260;0
1032;donut 4.5 7.8 1.5 1.261;0
1033;donut 4.5 7.8 1.5 1.262;0
1034;donut 4.5 7.8 1.5 1.263;0
1035;donut 4.5 7.8 1.5 1.264;0
1036;donut 4.5 7.8 1.5 1.265;0
1037;donut 4.5 7.8 1.5 1.266;0
1038;donut 4.5 7.8 1.5 1.267;0
1039;donut 4.5 7.8 1.5 1.268;0
1040;donut 4.5 7.8 1.5 1.269;0
1041;donut 4.5 7.8 1.5 1.270;0
1042;donut 4.5 7.8 1.5 1.271;0
1043;donut 4.5 7.8 1.5 1.272;0
1044;donut 4.5 7.8 1.5 1.273;0
1045;donut 4.5 7.8 1.5 1.274;0
1046;donut 4.5 7.8 1.5 1.275;0
1047;donut 4.5 7.8 1.5 1.276;0
1048;donut 4.5 7.8 1.5 1.277;0
1049;donut 4.5 7.8 1.5 1.278;0
1050;donut 4.5 7.8 1.5 1.279;0
1051;donut 4.5 7.8 1.5 1.280;0
1052;donut 4.5 7.8 1.5 1.281;0
1053;donut 4.5 7.8 1.5 1.282;0
1054;donut 4.5 7.8 1.5 1.283;0
1055;donut 4.5 7.8 1.5 1.284;0
1056;donut 4.5 7.8 1.5 1.285;0
1057;donut 4.5 7.8 1.5 1.286;0
1058;donut 4.5 7.8 1.5 1.287;0
1059;donut 4.5 7.8 1.5 1.288;0
1060;donut 4.5 7.8 1.5 1.289;0
1061;donut 4.5 7.8 1.5 1.290;0
1062;donut 4.5 7.8 1.5 1.291;0
1063;donut 4.5 7.8 1.5 1.292;0
1064;donut 4.5 7.8 1.5 1.293;0
1065;donut 4.5 7.8 1.5 1.294;0
1066;donut 4.5 7.8 1.5 1.295;0
1067;donut 4.5 7.8 1.5 1.296;0
1068;donut 4.5 7.8 1.5 1.297;0
1069;donut 4.5 7.8 1.5 1.298;0
1070;donut 4.5 7.8 1.5 1.299;0
1071;donut 4.5 7.8 1.5 1.300;0
1072;donut 4.5 7.8 1.5 1.301;0
1073;donut 4.5 7.8 1.5 1.302;0
1074;donut 4.5 7.8 1.5 1.303;0
1075;donut 4.5 7.8 1.5 1.304;0
1076;donut 4.5 7.8 1.5 1.305;0
1077;donut 4.5 7.8 1.5 1.306;0
1078;donut 4.5 7.8 1.5 1.307;0
1079;donut 4.5 7.8 1.5 1.308;0
1080;donut 4.5 7.8 1.5 1.309;0
1081;donut 4.5 7.8 1.5 1.310;0
1082;donut 4.5 7.8 1.5 1.311;0
1083;donut 4.5 7.8 1.5 1.312;0
1084;donut 4.5 7.8 1.5 1.313;0
1085;donut 4.5 7.8 1.5 1.314;0
1086;donut 4.5 7.8 1.5 1.315;0
1087;donut 4.5 7.8 1.5 1.316;0
1088;donut 4.5 7.8 1.5 1.317;0
1089;donut 4.5 7.8 1.5 1.318;0
1090;donut 4.5 7.8 1.5 1.319;0
1091;donut 4.5 7.8 1.5 1.320;0
1092;donut 4.5 7.8 1.5 1.321;0
1093;donut 4.5 7.8 1.5 1.322;0
1094;donut 4.5 7.8 1.5 1.323;0
1095;donut 4.5 7.8 1.5 1.324;0
1096;donut 4.5 7.8 1.5 1.325;0
1097;donut 4.5 7.8 1.5 1.326;0
1098;donut 4.5 7.8 1.5 1.327;0
1099;donut 4.5 7.8 1.5 1.328;0
1100;donut 4.5 7.8 1.5 1.329;0
1101;donut 4.5 7.8 1.5 1.330;0
1102;donut 4.5 7.8 1.5 1.331;0
1103;donut 4.5 7.8 1.5 1.332;0
1104;donut 4.5 7.8 1.5 1.333;0
1105;donut 4.5 7.8 1.5 1.334;0
1106;donut 4.5 7.8 1.5 1.335;0
1107;donut 4.5 7.8 1.5 1.336;0
1108;donut 4.5 7.8 1.5 1.337;0
1109;donut 4.5 7.8 1.5 1.338;0
1110;donut 4.5 7.8 1.5 1.339;0
1111;donut 4.5 7.8 1.5 1.340;0
1112;donut 4.5 7.8 1.5 1.341;0
1113;donut 4.5 7.8 1.5 1.342;0
1114;donut 4.5 7.8 1.5 1.343;0
1115;donut 4.5 7.8 1.5 1.344;0
1116;donut 4.5 7.8 1.5 1.345;0
1117;donut 4.5 7.8 1.5 1.346;0
1118;donut 4.5 7.8 1.5 1.347;0
1119;donut 4.5 7.8 1.5 1.348;0
1120;donut 4.5 7.8 1.5 1.349;0
1121;donut 4.5 7.8 1.5 1.350;0
1122;donut 4.5 7.8 1.5 1.351;0
1123;donut 4.5 7.8 1.5 1.352;0
1124;donut 4.5 7.8 1.5 1.353;0
1125;donut 4.5 7.8 1.5 1.354;0
1126;donut 4.5 7.8 1.5 1.355;0
1127;donut 4.5 7.8 1.5 1.356;0
1128;donut 4.5 7.8 1.5 1.357;0
1129;donut 4.5 7.8 1.5 1.358;0
1130;donut 4.5 7.8 1.5 1.359;0
1131;donut 4.5 7.8 1.5 1.360;0
1132;donut 4.5 7.8 1.5 1.361;0
1133;donut 4.5 7.8 1.5 1.362;0
1134;donut 4.5 7.8 1.5 1.363;0
1135;donut 4.5 7.8 1.5 1.364;0
1136;donut 4.5 7.8 1.5 1.365;0
1137;donut 4.5 7.8 1.5 1.366;0
1138;donut 4.5 7.8 1.5 1.367;0
1139;donut 4.5 7.8 1.5 1.368;0
1140;donut 4.5 7.8 1.5 1.369;0
1141;donut 4.5 7.8 1.5 1.370;0
1142;donut 4.5 7.8 1.5 1.371;0
1143;donut 4.5 7.8 1.5 1.372;0
1144;donut 4.5 7.8 1.5 1.373;0
1145;donut 4.5 7.8 1.5 1.374;0
1146;donut 4.5 7.8 1.5 1.375;0
1147;donut 4.5 7.8 1.5 1.376;0
1148;donut 4.5 7.8 1.5 1.377;0
1149;donut 4.5 7.8 1.5 1.378;0
1150;donut 4.5 7.8 1.5 1.379;0
1151;donut 4.5 7.8 1.5 1.380;0
1152;donut 4.5 7.8 1.5 1.381;0
1153;donut 4.5 7.8 1.5 1.382;0
1154;donut 4.5 7.8 1.5 1.383;0
1155;donut 4.5 7.8 1.5 1.384;0
1156;donut 4.5 7.8 1.5 1.385;0
1157;donut 4.5 7.8 1.5 1.386;0
1158;donut 4.5 7.8 1.5 1.387;0
1159;donut 4.5 7.8 1.5 1.388;0
1160;donut 4.5 7.8 1.5 1.389;0
1161;donut 4.5 7.8 1.5 1.390;0
1162;donut 4.5 7.8 1.5 1.391;0
1163;donut 4.5 7.8 1.5 1.392;0
1164;donut 4.5 7.8 1.5 1.393;0
1165;donut 4.5 7.8 1.5 1.394;0
1166;donut 4.5 7.8 1.5 1.395;0
1167;donut 4.5 7.8 1.5 1.396;0
1168;donut 4.5 7.8 1.5 1.397;0
1169;donut 4.5 7.8 1.5 1.398;0
1170;donut 4.5 7.8 1.5 1.399;0
1171;donut 4.5 7.8 1.5 1.400;0
1172;donut 4.5 7.8 1.5 1.401;0
1173;donut 4.5 7.8 1.5 1.402;0
1174;donut 4.5 7.8 1.5 1.403;0
1175;donut 4.5 7.8 1.5 1.404;0
1176;donut 4.5 7.8 1.5 1.405;0
1177;donut 4.5 7.8 1.5 1.406;0
1178;donut 4.5 7.8 1.5 1.407;0
1179;donut 4.5 7.8 1.5 1.408;0
1180;donut 4.5 7.8 1.5 1.409;0
1181;donut 4.5 7.8 1.5 1.410;0
1182;donut 4.5 7.8 1.5 1.411;0
1183;donut 4.5 7.8 1.5 1.412;0
1184;donut 4.5 7.8 1.5 1.413;0
1185;donut 4.5 7.8 1.5 1.414;0
1186;donut 4.5 7.8 1.5 1.415;0
1187;donut 4.5 7.8 1.5 1.416;0
1188;donut 4.5 7.8 1.5 1.417;0
1189;donut 4.5 7.8 1.5 1.418;0
1190;donut 4.5 7.8 1.5 1.419;0
1191;donut 4.5 7.8 1.5 1.420;0
1192;donut 4.5 7.8 1.5 1.421;0
1193;donut 4.5 7.8 1.5 1.422;0
1194;donut 4.5 7.8 1.5 1.423;0
1195;donut 4.5 7.8 1.5 1.424;0
1196;donut 4.5 7.8 1.5 1.425;0
1197;donut 4.5 7.8 1.5 1.426;0
1198;donut 4.5 7.8 1.5 1.427;0
1199;donut 4.5 7.8 1.5 1.428;0
1200;donut 4.5 7.8 1.5 1.429;0
1201;donut 4.5 7.8 1.5 1.430;0
1202;donut 4.5 7.8 1.5 1.431;0
1203;donut 4.5 7.8 1.5 1.432;0
1204;donut 4.5 7.8 1.5 1.433;0
1205;donut 4.5 7.8 1.5 1.434;0
1206;donut 4.5 7.8 1.5 1.435;0
1207;donut 4.5 7.8 1.5 1.436;0
1208;donut 4.5 7.8 1.5 1.437;0
1209;donut 4.5 7.8 1.5 1.438;0
1210;donut 4.5 7.8 1.5 1.439;0
1211;donut 4.5 7.8 1.5 1.440;0
1212;donut 4.5 7.8 1.5 1.441;0
1213;donut 4.5 7.8 1.5 1.442;0
1214;donut 4.5 7.8 1.5 1.443;0
1215;donut 4.5 7.8 1.5 1.444;0
1216;donut 4.5 7.8 1.5 1.445;0
1217;donut 4.5 7.8 1.5 1.446;0
1218;donut 4.5 7.8 1.5 1.447;0
1219;donut 4.5 7.8 1.5 1.448;0
1220;donut 4.5 7.8 1.5 1.449;0
1221;donut 4.5 7.8 1.5 1.450;0
1222;donut 4.5 7.8 1.5 1.451;0
1223;donut 4.5 7.8 1.5 1.452;0
1224;donut 4.5 7.8 1.5 1.453;0
1225;donut 4.5 7.8 1.5 1.454;0
1226;donut 4.5 7.8 1.5 1.455;0
1227;donut 4.5 7.8 1.5 1.456;0
1228;donut 4.5 7.8 1.5 1.457;0
1229;donut 4.5 7.8 1.5 1.458;0
1230;donut 4.5 7.8 1.5 1.459;0
1231;donut 4.5 7.8 1.5 1.460;0
1232;donut 4.5 7.8 1.5 1.461;0
1233;donut 4.5 7.8 1.5 1.462;0
1234;donut 4.5 7.8 1.5 1.463;0
1235;donut 4.5 7.8 1.5 1.464;0
1236;donut 4.5 7.8 1.5 1.465;0
1237;donut 4.5 7.8 1.5 1.466;0
1238;donut 4.5 7.8 1.5 1.467;0
1239;donut 4.5 7.8 1.5 1.468;0
1240;donut 4.5 7.8 1.5 1.469;0
1241;donut 4.5 7.8 1.5 1.470;0
1242;donut 4.5 7.8 1.5 1.471;0
1243;donut 4.5 7.8 1.5 1.472;0
1244;donut 4.5 7.8 1.5 1.473;0
1245;donut 4.5 7.8 1.5 1.474;0
1246;donut 4.5 7.8 1.5 1.475;0
1247;donut 4.5 7.8 1.5 1.476;0
1248;donut 4.5 7.8 1.5 1.477;0
1249;donut 4.5 7.8 1.5 1.478;0
1250;donut 4.5 7.8 1.5 1.479;0
1251;donut 4.5 7.8 1.5 1.480;0
1252;donut 4.5 7.8 1.5 1.481;0
1253;donut 4.5 7.8 1.5 1.482;0
1254;donut 4.5 7.8 1.5 1.483;0
1255;donut 4.5 7.8 1.5 1.484;0
1256;donut 4.5 7.8 1.5 1.485;0
1257;donut 4.5 7.8 1.5 1.486;0
1258;donut 4.5 7.8 1.5 1.487;0
1259;donut 4.5 7.8 1.5 1.488;0
1260;donut 4.5 7.8 1.5 1.489;0
1261;donut 4.5 7.8 1.5 1.490;0
1262;donut 4.5 7.8 1.5 1.491;0
1263;donut 4.5 7.8 1.5 1.492;0
1264;donut 4.5 7.8 1.5 1.493;0
1265;donut 4.5 7.8 1.5 1.494;0
1266;donut 4.5 7.8 1.5 1.495;0
1267;donut 4.5 7.8 1.5 1.496;0
1268;donut 4.5 7.8 1.5 1.497;0
1269;donut 4.5 7.8 1.5 1.498;0
1270;donut 4.5 7.8 1.5 1.499;0
1271;donut 4.5 7.8 1.5 1.500;0
1272;donut 4.5 7.8 1.5 1.501;0
1273;donut 4.5 7.8 1.5 1.502;0
1274;donut 4.5 7.8 1.5 1.503;0
1275;donut 4.5 7.8 1.5 1.504;0
1276;donut 4.5 7.8 1.5 1.505;0
1277;donut 4.5 7.8 1.5 1.506;0
1278;donut 4.5 7.8 1.5 1.507;0
1279;donut 4.5 7.8 1.5 1.508;0
1280;donut 4.5 7.8 1.5 1.509;0
1281;donut 4.5 7.8 1.5 1.510;0
1282;donut 4.5 7.8 1.5 1.511;0
1283;donut 4.5 7.8 1.5 1.512;0
1284;donut 4.5 7.8 1.5 1.513;0
1285;donut 4.5 7.8 1.5 1.514;0
1286;donut 4.5 7.8 1.5 1.515;0
1287;donut 4.5 7.8 1.5 1.516;0
1288;donut 4.5 7.8 1.5 1.517;0
1289;donut 4.5 7.8 1.5 1.518;0
1290;donut 4.5 7.8 1.5 1.519;0
1291;donut 4.5 7.8 1.5 1.520;0
1292;donut 4.5 7.8 1.5 1.521;0
1293;donut 4.5 7.8 1.5 1.522;0
1294;donut 4.5 7.8 1.5 1.523;0
1295;donut 4.5 7.8 1.5 1.524;0
1296;donut 4.5 7.8 1.5 1.525;0
1297;donut 4.5 7.8 1.5 1.526;0
1298;donut 4.5 7.8 1.5 1.527;0
1299;donut 4.5 7.8 1.5 1.528;0
1300;donut 4.5 7.8 1.5 1.529;0
1301;donut 4.5 7.8 1.5 1.530;0
1302;donut 4.5 7.8 1.5 1.531;0
1303;donut 4.5 7.8 1.5 1.532;0
1304;donut 4.5 7.8 1.5 1.533;0
1305;donut 4.5 7.8 1.5 1.534;0
1306;donut 4.5 7.8 1.5 1.535;0
1307;donut 4.5 7.8 1.5 1.536;0
1308;donut 4.5 7.8 1.5 1.537;0
1309;donut 4.5 7.8 1.5 1.538;0
1310;donut 4.5 7.8 1.5 1.539;0
1311;donut 4.5 7.8 1.5 1.540;0
1312;donut 4.5 7.8 1.5 1.541;0
1313;donut 4.5 7.8 1.5 1.542;0
1314;donut 4.5 7.8 1.5 1.543;0
1315;donut 4.5 7.8 1.5 1.544;0
1316;donut 4.5 7.8 1.5 1.545;0
1317;donut 4.5 7.8 1.5 1.546;0
1318;donut 4.5 7.8 1.5 1.547;0
1319;donut 4.5 7.8 1.5 1.548;0
1320;donut 4.5 7.8 1.5 1.549;0
1321;donut 4.5 7.8 1.5 1.550;0
1322;donut 4.5 7.8 1.5 1.551;0
1323;donut 4.5 7.8 1.5 1.552;0
1324;donut 4.5 7.8 1.5 1.553;0
1325;donut 4.5 7.8 1.5 1.554;0
1326;donut 4.5 7.8 1.5 1.555;0
1327;donut 4.5 7.8 1.5 1.556;0
1328;donut 4.5 7.8 1.5 1.557;0
1329;donut 4.5 7.8 1.5 1.558;0
1330;donut 4.5 7.8 1.5 1.559;0
1331;donut 4.5 7.8 1.5 1.560;0
1332;donut 4.5 7.8 1.5 1.561;0
1333;donut 4.5 7.8 1.5 1.562;0
1334;donut 4.5 7.8 1.5 1.563;0
1335;donut 4.5 7.8 1.5 1.564;0
1336;donut 4.5 7.8 1.5 1.565;0
1337;donut 4.5 7.8 1.5 1.566;0
1338;donut 4.5 7.8 1.5 1.567;0
1339;donut 4.5 7.8 1.5 1.568;0
1340;donut 4.5 7.8 1.5 1.569;0
1341;donut 4.5 7.8 1.5 1.570;0
1342;donut 4.5 7.8 1.5 1.571;0
1343;donut 4.5 7.8 1.5 1.572;0
1344;donut 4.5 7.8 1.5 1.573;0
1345;donut 4.5 7.8 1.5 1.574;0
1346;donut 4.5 7.8 1.5 1.575;0
1347;donut 4.5 7.8 1.5 1.576;0
1348;donut 4.5 7.8 1.5 1.577;0
1349;donut 4.5 7.8 1.5 1.578;0
1350;donut 4.5 7.8 1.5 1.579;0
1351;donut 4.5 7.8 1.5 1.580;0
1352;donut 4.5 7.8 1.5 1.581;0
1353;donut 4.5 7.8 1.5 1.582;0
1354;donut 4.5 7.8 1.5 1.583;0
1355;donut 4.5 7.8 1.5 1.584;0
1356;donut 4.5 7.8 1.5 1.585;0
1357;donut 4.5 7.8 1.5 1.586;0
1358;donut 4.5 7.8 1.5 1.587;0
1359;donut 4.5 7.8 1.5 1.588;0
1360;donut 4.5 7.8 1.5 1.589;0
1361;donut 4.5 7.8 1.5 1.590;0
1362;donut 4.5 7.8 1.5 1.591;0
1363;donut 4.5 7.8 1.5 1.592;0
1364;donut 4.5 7.8 1.5 1.593;0
1365;donut 4.5 7.8 1.5 1.594;0
1366;donut 4.5 7.8 1.5 1.595;0
1367;donut 4.5 7.8 1.5 1.596;0
1368;donut 4.5 7.8 1.5 1.597;0
1369;donut 4.5 7.8 1.5 1.598;0
1370;donut 4.5 7.8 1.5 1.599;0
1371;donut 4.5 7.8 1.5 1.600;0
1372;donut 4.5 7.8 1.5 1.601;0
1373;donut 4.5 7.8 1.5 1.602;0
1374;donut 4.5 7.8 1.5 1.603;0
1375;donut 4.5 7.8 1.5 1.604;0
1376;donut 4.5 7.8 1.5 1.605;0
1377;donut 4.5 7.8 1.5 1.606;0
1378;donut 4.5 7.8 1.5 1.607;0
1379;donut 4.5 7.8 1.5 1.608;0
1380;donut 4.5 7.8 1.5 1.609;0
1381;donut 4.5 7.8 1.5 1.610;0
1382;donut 4.5 7.8 1.5 1.611;0
1383;donut 4.5 7.8 1.5 1.612;0
1384;donut 4.5 7.8 1.5 1.613;0
1385;donut 4.5 7.8 1.5 1.614;0
1386;donut 4.5 7.8 1.5 1.615;0
1387;donut 4.5 7.8 1.5 1.616;0
1388;donut 4.5 7.8 1.5 1.617;0
1389;donut 4.5 7.8 1.5 1.618;0
1390;donut 4.5 7.8 1.5 1.619;0
1391;donut 4.5 7.8 1.5 1.620;0
1392;donut 4.5 7.8 1.5 1.621;0
1393;donut 4.5 7.8 1.5 1.622;0
1394;donut 4.5 7.8 1.5 1.623;0
1395;donut 4.5 7.8 1.5 1.624;0
1396;donut 4.5 7.8 1.5 1.625;0
1397;donut 4.5 7.8 1.5 1.626;0
1398;donut 4.5 7.8 1.5 1.627;0
1399;donut 4.5 7.8 1.5 1.628;0
1400;donut 4.5 7.8 1.5 1.629;0
1401;donut 4.5 7.8 1.5 1.630;0
1402;donut 4.5 7.8 1.5 1.631;0
1403;donut 4.5 7.8 1.5 1.632;0
1404;donut 4.5 7.8 1.5 1.633;0
1405;donut 4.5 7.8 1.5 1.634;0
1406;donut 4.5 7.8 1.5 1.635;0
1407;donut 4.5 7.8 1.5 1.636;0
1408;donut 4.5 7.8 1.5 1.637;0
1409;donut 4.5 7.8 1.5 1.638;0
1410;donut 4.5 7.8 1.5 1.639;0
1411;donut 4.5 7.8 1.5 1.640;0
1412;donut 4.5 7.8 1.5 1.641;0
1413;donut 4.5 7.8 1.5 1.642;0
1414;donut 4.5 7.8 1.5 1.643;0
1415;donut 4.5 7.8 1.5 1.644;0
1416;donut 4.5 7.8 1.5 1.645;0
1417;donut 4.5 7.8 1.5 1.646;0
1418;donut 4.5 7.8 1.5 1.647;0
1419;donut 4.5 7.8 1.5 1.648;0
1420;donut 4.5 7.8 1.5 1.649;0
1421;donut 4.5 7.8 1.5 1.650;0
1422;donut 4.5 7.8 1.5 1.651;0
1423;donut 4.5 7.8 1.5 1.652;0
1424;donut 4.5 7.8 1.5 1.653;0
1425;donut 4.5 7.8 1.5 1.654;0
1426;donut 4.5 7.8 1.5 1.655;0
1427;donut 4.5 7.8 1.5 1.656;0
1428;donut 4.5 7.8 1.5 1.657;0
1429;donut 4.5 7.8 1.5 1.658;0
1430;donut 4.5 7.8 1.5 1.659;0
1431;donut 4.5 7.8 1.5 1.660;0
1432;donut 4.5 7.8 1.5 1.661;0
1433;donut 4.5 7.8 1.5 1.662;0
1434;donut 4.5 7.8 1.5 1.663;0
1435;donut 4.5 7.8 1.5 1.664;0
1436;donut 4.5 7.8 1.5 1.665;0
1437;donut 4.5 7.8 1.5 1.666;0
1438;donut 4.5 7.8 1.5 1.667;0
1439;donut 4.5 7.8 1.5 1.668;0
1440;donut 4.5 7.8 1.5 1.669;0
1441;donut 4.5 7.8 1.5 1.670;0
1442;donut 4.5 7.8 1.5 1.671;0
1443;donut 4.5 7.8 1.5 1.672;0
1444;donut 4.5 7.8 1.5 1.673;0
1445;donut 4.5 7.8 1.5 1.674;0
1446;donut 4.5 7.8 1.5 1.675;0
1447;donut 4.5 7.8 1.5 1.676;0
1448;donut 4.5 7.8 1.5 1.677;0
1449;donut 4.5 7.8 1.5 1.678;0
1450;donut 4.5 7.8 1.5 1.679;0
1451;donut 4.5 7.8 1.5 1.680;0
1452;donut 4.5 7.8 1.5 1.681;0
1453;donut 4.5 7.8 1.5 1.682;0
1454;donut 4.5 7.8 1.5 1.683;0
1455;donut 4.5 7.8 1.5 1.684;0
1456;donut 4.5 7.8 1.5 1.685;0
1457;donut 4.5 7.8 1.5 1.686;0
1458;donut 4.5 7.8 1.5 1.687;0
1459;donut 4.5 7.8 1.5 1.688;0
1460;donut 4.5 7.8 1.5 1.689;0
1461;donut 4.5 7.8 1.5 1.690;0
1462;donut 4.5 7.8 1.5 1.691;0
1463;donut 4.5 7.8 1.5 1.692;0
1464;donut 4.5 7.8 1.5 1.693;0
1465;donut 4.5 7.8 1.5 1.694;0
1466;donut 4.5 7.8 1.5 1.695;0
1467;donut 4.5 7.8 1.5 1.696;0
1468;donut 4.5 7.8 1.5 1.697;0
1469;donut 4.5 7.8 1.5 1.698;0
1470;donut 4.5 7.8 1.5 1.699;0
1471;donut 4.5 7.8 1.5 1.700;0
1472;donut 4.5 7.8 1.5 1.701;0
1473;donut 4.5 7.8 1.5 1.702;0
1474;donut 4.5 7.8 1.5 1.703;0
1475;donut 4.5 7.8 1.5 1.704;0
1476;donut 4.5 7.8 1.5 1.705;0
1477;donut 4.5 7.8 1.5 1.706;0
1478;donut 4.5 7.8 1.5 1.707;0
1479;donut 4.5 7.8 1.5 1.708;0
1480;donut 4.5 7.8 1.5 1.709;0
1481;donut 4.5 7.8 1.5 1.710;0
1482;donut 4.5 7.8 1.5 1.711;0
1483;donut 4.5 7.8 1.5 1.712;0
1484;donut 4.5 7.8 1.5 1.713;0
1485;donut 4.5 7.8 1.5 1.714;0
1486;donut 4.5 7.8 1.5 1.715;0
1487;donut 4.5 7.8 1.5 1.716;0
1488;donut 4.5 7.8 1.5 1.717;0
1489;donut 4.5 7.8 1.5 1.718;0
1490;donut 4.5 7.8 1.5 1.719;0
1491;donut 4.5 7.8 1.5 1.720;0
1492;donut 4.5 7.8 1.5 1.721;0
1493;donut 4.5 7.8 1.5 1.722;0
1494;donut 4.5 7.8 1.5 1.723;0
1495;donut 4.5 7.8 1.5 1.724;0
1496;donut 4.5 7.8 1.5 1.725;0
1497;donut 4.5 7.8 1.5 1.726;0
1498;donut 4.5 7.8 1.5 1.727;0
1499;donut 4.5 7.8 1.5 1.728;0
1500;donut 4.5 7.8 1.5 1.729;0
1501;donut 4.5 7.8 1.5 1.730;0
1502;donut 4.5 7.8 1.5 1.731;0
1503;donut 4.5 7.8 1.5 1.732;0
1504;donut 4.5 7.8 1.5 1.733;0
1505;donut 4.5 7.8 1.5 1.734;0
1506;donut 4.5 7.8 1.5 1.735;0
1507;donut 4.5 7.8 1.5 1.736;0
1508;donut 4.5 7.8 1.5 1.737;0
1509;donut 4.5 7.8 1.5 1.738;0
1510;donut 4.5 7.8 1.5 1.739;0
1511;donut 4.5 7.8 1.5 1.740;0
1512;donut 4.5 7.8 1.5 1.741;0
1513;donut 4.5 7.8 1.5 1.742;0
1514;donut 4.5 7.8 1.5 1.743;0
1515;donut 4.5 7.8 1.5 1.744;0
1516;donut 4.5 7.8 1.5 1.745;0
1517;donut 4.5 7.8 1.5 1.746;0
1518;donut 4.5 7.8 1.5 1.747;0
1519;donut 4.5 7.8 1.5 1.748;0
1520;donut 4.5 7.8 1.5 1.749;0
1521;donut 4.5 7.8 1.5 1.750;0
1522;donut 4.5 7.8 1.5 1.751;0
1523;donut 4.5 7.8 1.5 1.752;0
1524;donut 4.5 7.8 1.5 1.753;0
1525;donut 4.5 7.8 1.5 1.754;0
1526;donut 4.5 7.8 1.5 1.755;0
1527;donut 4.5 7.8 1.5 1.756;0
1528;donut 4.5 7.8 1.5 1.757;0
1529;donut 4.5 7.8 1.5 1.758;0
1530;donut 4.5 7.8 1.5 1.759;0
1531;donut 4.5 7.8 1.5 1.760;0
1532;donut 4.5 7.8 1.5 1.761;0
1533;donut 4.5 7.8 1.5 1.762;0
1534;donut 4.5 7.8 1.5 1.763;0
1535;donut 4.5 7.8 1.5 1.764;0
1536;donut 4.5 7.8 1.5 1.765;0
1537;donut 4.5 7.8 1.5 1.766;0
1538;donut 4.5 7.8 1.5 1.767;0
1539;donut 4.5 7.8 1.5 1.768;0
1540;donut 4.5 7.8 1.5 1.769;0
1541;donut 4.5 7.8 1.5 1.770;0
1542;donut 4.5 7.8 1.5 1.771;0
1543;donut 4.5 7.8 1.5 1.772;0
1544;donut 4.5 7.8 1.5 1.773;0
1545;donut 4.5 7.8 1.5 1.774;0
1546;donut 4.5 7.8 1.5 1.775;0
1547;donut 4.5 7.8 1.5 1.776;0
1548;donut 4.5 7.8 1.5 1.777;0
1549;donut 4.5 7.8 1.5 1.778;0
1550;donut 4.5 7.8 1.5 1.779;0
1551;donut 4.5 7.8 1.5 1.780;0
1552;donut 4.5 7.8 1.5 1.781;0
1553;donut 4.5 7.8 1.5 1.782;0
1554;donut 4.5 7.8 1.5 1.783;0
1555;donut 4.5 7.8 1.5 1.784;0
1556;donut 4.5 7.8 1.5 1.785;0
1557;donut 4.5 7.8 1.5 1.786;0
1558;donut 4.5 7.8 1.5 1.787;0
1559;donut 4.5 7.8 1.5 1.788;0
1560;donut 4.5 7.8 1.5 1.789;0
1561;donut 4.5 7.8 1.5 1.790;0
1562;donut 4.5 7.8 1.5 1.791;0
1563;donut 4.5 7.8 1.5 1.792;0
1564;donut 4.5 7.8 1.5 1.793;0
1565;donut 4.5 7.8 1.5 1.794;0
1566;donut 4.5 7.8 1.5 1.795;0
1567;donut 4.5 7.8 1.5 1.796;0
1568;donut 4.5 7.8 1.5 1.797;0
1569;donut 4.5 7.8 1.5 1.798;0
1570;donut 4.5 7.8 1.5 1.799;0
1571;donut 4.5 7.8 1.5 1.800;0
1572;donut 4.5 7.8 1.5 1.801;0
1573;donut 4.5 7.8 1.5 1.802;0
1574;donut 4.5 7.8 1.5 1.803;0
1575;donut 4.5 7.8 1.5 1.804;0
1576;donut 4.5 7.8 1.5 1.805;0
1577;donut 4.5 7.8 1.5 1.806;0
1578;donut 4.5 7.8 1.5 1.807;0
1579;donut 4.5 7.8 1.5 1.808;0
1580;donut 4.5 7.8 1.5 1.809;0
1581;donut 4.5 7.8 1.5 1.810;0
1582;donut 4.5 7.8 1.5 1.811;0
1583;donut 4.5 7.8 1.5 1.812;0
1584;donut 4.5 7.8 1.5 1.813;0
1585;donut 4.5 7.8 1.5 1.814;0
1586;donut 4.5 7.8 1.5 1.815;0
1587;donut 4.5 7.8 1.5 1.816;0
1588;donut 4.5 7.8 1.5 1.817;0
1589;donut 4.5 7.8 1.5 1.818;0
1590;donut 4.5 7.8 1.5 1.819;0
1591;donut 4.5 7.8 1.5 1.820;0
1592;donut 4.5 7.8 1.5 1.821;0
1593;donut 4.5 7.8 1.5 1.822;0
1594;donut 4.5 7.8 1.5 1.823;0
1595;donut 4.5 7.8 1.5 1.824;0
1596;donut 4.5 7.8 1.5 1.825;0
1597;donut 4.5 7.8 1.5 1.826;0
1598;donut 4.5 7.8 1.5 1.827;0
1599;donut 4.5 7.8 1.5 1.828;0
1600;donut 4.5 7.8 1.5 1.829;0
1601;donut 4.5 7.8 1.5 1.830;0
1602;donut 4.5 7.8 1.5 1.831;0
1603;donut 4.5 7.8 1.5 1.832;0
1604;donut 4.5 7.8 1.5 1.833;0
1605;donut 4.5 7.8 1.5 1.834;0
1606;donut 4.5 7.8 1.5 1.835;0
1607;donut 4.5 7.8 1.5 1.836;0
1608;donut 4.5 7.8 1.5 1.837;0
1609;donut 4.5 7.8 1.5 1.838;0
1610;donut 4.5 7.8 1.5 1.839;0
1611;donut 4.5 7.8 1.5 1.840;0
1612;donut 4.5 7.8 1.5 1.841;0
1613;donut 4.5 7.8 1.5 1.842;0
1614;donut 4.5 7.8 1.5 1.843;0
1615;donut 4.5 7.8 1.5 1.844;0
1616;donut 4.5 7.8 1.5 1.845;0
1617;donut 4.5 7.8 1.5 1.846;0
1618;donut 4.5 7.8 1.5 1.847;0
1619;donut 4.5 7.8 1.5 1.848;0
1620;donut 4.5 7.8 1.5 1.849;0
1621;donut 4.5 7.8 1.5 1.850;0
1622;donut 4.5 7.8 1.5 1.851;0
1623;donut 4.5 7.8 1.5 1.852;0
1624;donut 4.5 7.8 1.5 1.853;0
1625;donut 4.5 7.8 1.5 1.854;0
1626;donut 4.5 7.8 1.5 1.855;0
1627;donut 4.5 7.8 1.5 1.856;0
1628;donut 4.5 7.8 1.5 1.857;0
1629;donut 4.5 7.8 1.5 1.858;0
1630;donut 4.5 7.8 1.5 1.859;0
1631;donut 4.5 7.8 1.5 1.860;0
1632;donut 4.5 7.8 1.5 1.861;0
1633;donut 4.5 7.8 1.5 1.862;0
1634;donut 4.5 7.8 1.5 1.863;0
1635;donut 4.5 7.8 1.5 1.864;0
1636;donut 4.5 7.8 1.5 1.865;0
1637;donut 4.5 7.8 1.5 1.866;0
1638;donut 4.5 7.8 1.5 1.867;0
1639;donut 4.5 7.8 1.5 1.868;0
1640;donut 4.5 7.8 1.5 1.869;0
1641;donut 4.5 7.8 1.5 1.870;0
1642;donut 4.5 7.8 1.5 1.871;0
1643;donut 4.5 7.8 1.5 1.872;0
1644;donut 4.5 7.8 1.5 1.873;0
1645;donut 4.5 7.8 1.5 1.874;0
1646;donut 4.5 7.8 1.5 1.875;0
1647;donut 4.5 7.8 1.5 1.876;0
1648;donut 4.5 7.8 1.5 1.877;0
1649;donut 4.5 7.8 1.5 1.878;0
1650;donut 4.5 7.8 1.5 1.879;0
1651;donut 4.5 7.8 1.5 1.880;0
1652;donut 4.5 7.8 1.5 1.881;0
1653;donut 4.5 7.8 1.5 1.882;0
1654;donut 4.5 7.8 1.5 1.883;0
1655;donut 4.5 7.8 1.5 1.884;0
1656;donut 4.5 7.8 1.5 1.885;0
1657;donut 4.5 7.8 1.5 1.886;0
1658;donut 4.5 7.8 1.5 1.887;0
1659;donut 4.5 7.8 1.5 1.888;0
1660;donut 4.5 7.8 1.5 1.889;0
1661;donut 4.5 7.8 1.5 1.890;0
1662;donut 4.5 7.8 1.5 1.891;0
1663;donut 4.5 7.8 1.5 1.892;0
1664;donut 4.5 7.8 1.5 1.893;0
1665;donut 4.5 7.8 1.5 1.894;0
1666;donut 4.5 7.8 1.5 1.895;0
1667;donut 4.5 7.8 1.5 1.896;0
1668;donut 4.5 7.8 1.5 1.897;0
1669;donut 4.5 7.8 1.5 1.898;0
1670;donut 4.5 7.8 1.5 1.899;0
1671;donut 4.5 7.8 1.5 1.900;0
1672;donut 4.5 7.8 1.5 1.901;0
1673;donut 4.5 7.8 1.5 1.902;0
1674;donut 4.5 7.8 1.5 1.903;0
1675;donut 4.5 7.8 1.5 1.904;0
1676;donut 4.5 7.8 1.5 1.905;0
1677;donut 4.5 7.8 1.5 1.906;0
1678;donut 4.5 7.8 1.5 1.907;0
1679;donut 4.5 7.8 1.5 1.908;0
1680;donut 4.5 7.8 1.5 1.909;0
1681;donut 4.5 7.8 1.5 1.910;0
1682;donut 4.5 7.8 1.5 1.911;0
1683;donut 4.5 7.8 1.5 1.912;0
1684;donut 4.5 7.8 1.5 1.913;0
1685;donut 4.5 7.8 1.5 1.914;0
1686;donut 4.5 7.8 1.5 1.915;0
1687;donut 4.5 7.8 1.5 1.916;0
1688;donut 4.5 7.8 1.5 1.917;0
1689;donut 4.5 7.8 1.5 1.918;0
1690;donut 4.5 7.8 1.5 1.919;0
1691;donut 4.5 7.8 1.5 1.920;0
1692;donut 4.5 7.8 1.5 1.921;0
1693;donut 4.5 7.8 1.5 1.922;0
1694;donut 4.5 7.8 1.5 1.923;0
1695;donut 4.5 7.8 1.5 1.924;0
1696;donut 4.5 7.8 1.5 1.925;0
1697;donut 4.5 7.8 1.5 1.926;0
1698;donut 4.5 7.8 1.5 1.927;0
1699;donut 4.5 7.8 1.5 1.928;0
1700;donut 4.5 7.8 1.5 1.929;0
1701;donut 4.5 7.8 1.5 1.930;0
1702;donut 4.5 7.8 1.5 1.931;0
1703;donut 4.5 7.8 1.5 1.932;0
1704;donut 4.5 7.8 1.5 1.933;0
1705;donut 4.5 7.8 1.5 1.934;0
1706;donut 4.5 7.8 1.5 1.935;0
1707;donut 4.5 7.8 1.5 1.936;0
1708;donut 4.5 7.8 1.5 1.937;0
1709;donut 4.5 7.8 1.5 1.938;0
1710;donut 4.5 7.8 1.5 1.939;0
1711;donut 4.5 7.8 1.5 1.940;0
1712;donut 4.5 7.8 1.5 1.941;0
1713;donut 4.5 7.8 1.5 1.942;0
1714;donut 4.5 7.8 1.5 1.943;0
1715;donut 4.5 7.8 1.5 1.944;0
1716;donut 4.5 7.8 1.5 1.945;0
1717;donut 4.5 7.8 1.5 1.946;0
1718;donut 4.5 7.8 1.5 1.947;0
1719;donut 4.5 7.8 1.5 1.948;0
1720;donut 4.5 7.8 1.5 1.949;0
1721;donut 4.5 7.8 1.5 1.950;0
1722;donut 4.5 7.8 1.5 1.951;0
1723;donut 4.5 7.8 1.5 1.952;0
1724;donut 4.5 7.8 1.5 1.953;0
1725;donut 4.5 7.8 1.5 1.954;0
1726;donut 4.5 7.8 1.5 1.955;0
1727;donut 4.5 7.8 1.5 1.956;0
1728;donut 4.5 7.8 1.5 1.957;0
1729;donut 4.5 7.8 1.5 1.958;0
1730;donut 4.5 7.8 1.5 1.959;0
1731;donut 4.5 7.8 1.5 1.960;0
1732;donut 4.5 7.8 1.5 1.961;0
1733;donut 4.5 7.8 1.5 1.962;0
1734;donut 4.5 7.8 1.5 1.963;0
1735;donut 4.5 7.8 1.5 1.964;0
1736;donut 4.5 7.8 1.5 1.965;0
1737;donut 4.5 7.8 1.5 1.966;0
1738;donut 4.5 7.8 1.5 1.967;0
1739;donut 4.5 7.8 1.5 1.968;0
1740;donut 4.5 7.8 1.5 1.969;0
1741;donut 4.5 7.8 1.5 1.970;0
1742;donut 4.5 7.8 1.5 1.971;0
1743;donut 4.5 7.8 1.5 1.972;0
1744;donut 4.5 7.8 1.5 1.973;0
1745;donut 4.5 7.8 1.5 1.974;0
1746;donut 4.5 7.8 1.5 1.975;0
1747;donut 4.5 7.8 1.5 1.976;0
1748;donut 4.5 7.8 1.5 1.977;0
1749;donut 4.5 7.8 1.5 1.978;0
1750;donut 4.5 7.8 1.5 1.979;0
1751;donut 4.5 7.8 1.5 1.980;0
1752;donut 4.5 7.8 1.5 1.981;0
1753;donut 4.5 7.8 1.5 1.982;0
1754;donut 4.5 7.8 1.5 1.983;0
1755;donut 4.5 7.8 1.5 1.984;0
1756;donut 4.5 7.8 1.5 1.985;0
1757;donut 4.5 7.8 1.5 1.986;0
1758;donut 4.5 7.8 1.5 1.987;0
1759;donut 4.5 7.8 1.5 1.988;0
1760;donut 4.5 7.8 1.5 1.989;0
1761;donut 4.5 7.8 1.5 1.990;0
1762;donut 4.5 7.8 1.5 1.991;0
1763;donut 4.5 7.8 1.5 1.992;0
1764;donut 4.5 7.8 1.5 1.993;0
1765;donut 4.5 7.8 1.5 1.994;0
1766;donut 4.5 7.8 1.5 1.995;0
1767;donut 4.5 7.8 1.5 1.996;0
1768;donut 4.5 7.8 1.5 1.997;0
1769;donut 4.5 7.8 1.5 1.998;0
1770;donut 4.5 7.8 1.5 1.999;0
1771;donut 4.5 7.8 1.5 1.1000;0
1772;donut 4.5 7.8 1.5 1.1001;0
1773;donut 4.5 7.8 1.5 1.1002;0
1774;donut 4.5 7.8 1.5 1.1003;0
1775;donut 4.5 7.8 1.5 1.1004;0
1776;donut 4.5 7.8 1.5 1.1005;0
1777;donut 4.5 7.8 1.5 1.1006;0
1778;donut 4.5 7.8 1.5 1.1007;0
1779;donut 4.5 7.8 1.5 1.1008;0
1780;donut 4.5 7.8 1.5 1.1009;0
1781;donut 4.5 7.8 1.5 1.1010;0
1782;donut 4.5 7.8 1.5 1.1011;0
1783;donut 4.5 7.8 1.5 1.1012;0
1784;donut 4.5 7.8 1.5 1.1013;0
1785;donut 4.5 7.8 1.5 1.1014;0
1786;donut 4.5 7.8 1.5 1.1015;0
1787;donut 4.5 7.8 1.5 1.1016;0
1788;donut 4.5 7.8 1.5 1.1017;0
1789;donut 4.5 7.8 1.5 1.1018;0
1790;donut 4.5 7.8 1.5 1.1019;0
1791;donut 4.5 7.8 1.5 1.1020;0
1792;donut 4.5 7.8 1.5 1.1021;0
1793;donut 4.5 7.8 1.5 1.1022;0
1794;donut 4.5 7.8 1.5 1.1023;0
1795;donut 4.5 7.8 1.5 1.1024;0
1796;donut 4.5 7.8 1.5 1.1025;0
1797;donut 4.5 7.8 1.5 1.1026;0
1798;donut 4.5 7.8 1.5 1.1027;0
1799;donut 4.5 7.8 1.5 1.1028;0
1800;donut 4.5 7.8 1.5 1.1029;0
1801;donut 4.5 7.8 1.5 1.1030;0
1802;donut 4.5 7.8 1.5 1.1031;0
1803;donut 4.5 7.8 1.5 1.1032;0
1804;donut 4.5 7.8 1.5 1.1033;0
1805;donut 4.5 7.8 1.5 1.1034;0
1806;donut 4.5 7.8 1.5 1.1035;0
1807;donut 4.5 7.8 1.5 1.1036;0
1808;donut 4.5 7.8 1.5 1.1037;0
1809;donut 4.5 7.8 1.5 1.1038;0
1810;donut 4.5 7.8 1.5 1.1039;0
1811;donut 4.5 7.8 1.5 1.1040;0
1812;donut 4.5 7.8 1.5 1.1041;0
1813;donut 4.5 7.8 1.5 1.1042;0
1814;donut 4.5 7.8 1.5 1.1043;0
1815;donut 4.5 7.8 1.5 1.1044;0
1816;donut 4.5 7.8 1.5 1.1045;0
1817;donut 4.5 7.8 1.5 1.1046;0
1818;donut 4.5 7.8 1.5 1.1047;0
1819;donut 4.5 7.8 1.5 1.1048;0
1820;donut 4.5 7.8 1.5 1.1049;0
1821;donut 4.5 7.8 1.5 1.1050;0
1822;donut 4.5 7.8 1.5 1.1051;0
1823;donut 4.5 7.8 1.5 1.1052;0
1824;donut 4.5 7.8 1.5 1.1053;0
1825;donut 4.5 7.8 1.5 1.1054;0
1826;donut 4.5 7.8 1.5 1.1055;0
1827;donut 4.5 7.8 1.5 1.1056;0
1828;donut 4.5 7.8 1.5 1.1057;0
1829;donut 4.5 7.8 1.5 1.1058;0
1830;donut 4.5 7.8 1.5 1.1059;0
1831;donut 4.5 7.8 1.5 1.1060;0
1832;donut 4.5 7.8 1.5 1.1061;0
1833;donut 4.5 7.8 1.5 1.1062;0
1834;donut 4.5 7.8 1.5 1.1063;0
1835;donut 4.5 7.8 1.5 1.1064;0
1836;donut 4.5 7.8 1.5 1.1065;0
1837;donut 4.5 7.8 1.5 1.1066;0
1838;donut 4.5 7.8 1.5 1.1067;0
1839;donut 4.5 7.8 1.5 1.1068;0
1840;donut 4.5 7.8 1.5 1.1069;0
1841;donut 4.5 7.8 1.5 1.1070;0
1842;donut 4.5 7.8 1.5 1.1071;0
1843;donut 4.5 7.8 1.5 1.1072;0
